product_category_id,product_category_name,product_Category_image_path,parent_category_id
CAT001,Fruits,https://www.jiomart.com/images/category/220/fresh-fruits-20200704.jpg,PCAT001
CAT002,Vegetables,https://www.jiomart.com/images/category/229/fresh-vegetables-20200704.jpg,PCAT001
CAT003,Herbs & Seasoning,https://www.jiomart.com/images/category/233/herbs-seasonings-20200704.jpg,PCAT001
CAT004,Exotic Fruits & Vegetables,https://www.jiomart.com/images/category/243/exotic-fruits-vegetables-20200618.jpg,PCAT001
CAT005,Dals & Pulses,https://www.jiomart.com/images/category/17/dals-pulses-20200704.jpg,PCAT002
CAT006,"Atta, Flours & Sooji",https://www.jiomart.com/images/category/26/atta-flours-sooji-20200704.jpg,PCAT002
CAT007,Rice & Rice Products,https://www.bigbasket.com/media/uploads/banner_images/CXPL3481_CXPL3483_CXPL3485_CXPL3492_CXPL3497.jpg,PCAT002
CAT008,Edible oils & Ghee,https://www.jiomart.com/images/category/58/edible-oils-20200704.jpg,PCAT002
CAT009,"Salt, Sugar & Jaggery",https://www.jiomart.com/images/category/23/salt-sugar-jaggery-20200704.jpg,PCAT002
CAT010,Masalas & Spices,https://www.jiomart.com/images/category/21/masalas-spices-20200704.jpg,PCAT002
CAT011,Nuts & Dried Fruits,https://www.jiomart.com/images/category/657/dry-fruits-nuts-20201014.jpeg,PCAT002
CAT012,"Soya Products, Wheat & Other Grains",https://www.jiomart.com/images/category/106/soya-products-wheat-other-grains-20200704.jpg,PCAT002
CAT013,Dairy,https://www.jiomart.com/images/category/62/dairy-20200704.jpg,PCAT003
CAT014,Breads & Buns,https://www.jiomart.com/images/category/267/breads-and-buns-20200704.jpg,PCAT003
CAT015,Cheese,"data:image/jpeg;base64,/9j/4AAQSkZJRgABAQAAAQABAAD/2wCEAAoHCBYWFRgWFRYZGRgaGhwYGBwaHBgaGRoaGBoaGhoYGhocIS4lHCErIRgYJjgmKy8xNTU1GiQ7QDs0Py40NTEBDAwMEA8QHxISHzErJCs0NDQ0NDQ0NDQ0NDQ0NDQ0NDQ0NDQ0NDQ0NDQ0NDQ0NDQ0NDQ0NDQ0NDQ0NDQ0NDQ0NP/AABEIAKgBLAMBIgACEQEDEQH/xAAbAAACAwEBAQAAAAAAAAAAAAAEBQIDBgABB//EADwQAAIBAgQDBgQEBQQBBQAAAAECAAMRBBIhMQVBUQZhcYGRoRMiMrFCwdHhFBVScvAjYpLxFgdTorLC/8QAGQEAAwEBAQAAAAAAAAAAAAAAAQIDAAQF/8QAKBEAAgICAgIBBAIDAQAAAAAAAAECESExAxITQVEEIjJhcYEjobEU/9oADAMBAAIRAxEAPwAZOHHrLH4ZcbwPDdoENlymFfzhOhnPa+CkZdlhi5+zBJvmjKjw4qAL6CU/+QIDYgwmnx+m2gU+hh7x1RPC0yT4K+xlicP6tKa3GkGyn0g6ceQsBlO9toHKPwO3W2H4zhTIgcG4guDrZSR1jfE8VD0ggHKZXE1yhvA6eiitbHQAvOdp3Z7C1sQhYIRrYZtNues0+F7HMdaj27l/UybjJsopJIxyYxC2UHWFstxNjh+w2EQ58l3O7Ekn1jFOA0B+BYfExfKj5hiQACZj8e+djafc8d2ZwzAgrlB6G32maq9hcHrldwf7r/eNGPXYsn20fMcAnIwsYQ32m+TsRRTVXY+n6QPiXCBSI1uCJXDNHBhHRQ1rTmUAgdYxxGFu5IE5cJdhpzi0Ysp8POlhvKeI4coNZpEYrbSLe0Gq3jqjO6yKOFYcu1hHbcNIBvygnZCmC5JmtrKljcjaajRfowArgsy9DaW4aoGcJDTg1zt4mW4fCgOCIpgscM1lGJxTUTYbRrUr5SNYi7SNmTMp1jqhZJtZGuG4iHGu8a8LIDXM+W4fi7LsDeavgfFmcagiM18CWfSUcGRqGIsHxDvjOniQ0Fmom0GdCYWBIPCKKMXhA4sZl8dwx0JKHSavEV+kDZMwN5jWZH+KZdGEsTFKedo1xOHW50i+rw1W+nQwdmhklLR5m6T0VDAKmEqJsbiVDFsNCpvNcWami/DUijA8oyZwFvaWrhVE5sOh3nJkeMHFUhKxubwzD4kAjTuhq4RJIYNOkRxzYej9HhZcumsjwrg1as96aXAN2OgUeJ/SG0MEEK5kYKddVIuOo6ib7gyoifIcqnltKJJ5Ysot1YjHAHQKXIF+m8Io8OoLqyhiOsdY+sp2N9IoFJmYKoJJNgBN5Ip0kV6ushqYwJ9AsO6HUuK1Nsjd9wRb1l9DgmRQzMC4sR0BGvnBcbxR8xva22kpdbE3oli+JsN9JSnEC2zWivFVbjTW/rBsFW3U6HlB2V0HrixtiXqupfdR0ij45G5ly8QZQVHpB8awb5ltfmJDki9xZWD9MI/jzsJneK4su2+g0EKxNey95ieo03G5VkMkrwVKZOnpKQ2smrytsWke1ardYHWNxrrLqjwdzCm7A1gu4W+QG2kvq1m6mA0G1lztDJgijzOb7ySMesod7bzlrDrFQxe7nqZWBfQzwuOsgG1018IywxWTThKXvaGU0FMaCF8Ou2mUjvMuxWFIGonSpKiDixZh+IfNG1HiHQxPWwMoV2QxWE3OGxdxLqlUNoJl8FjwYc+IIU23gA0GpTFjfykHom3dK8PVJAuI6w9FWW8KYtGdGFLHQSurwtl1vNS1MKNBKWw9/qhMlRkGQ7ESr4K9JrK+EU8oufh4vFcSil8ihnmu7JcEw9elncZmDEG52t+1pTwXsizWfE3UbhOZ/u6eE2VFURQiKFA5ATnSrZVu9AzcCw9sq019BBHwtJNFpqD4Rg1WU1aDVDZdT/nOBu9GS+TzG40MqgqDlgIJfREJ8BHmH4Oii7nMemy/vIY7iS01soAHdaP1b/IVSWoiunwOq2rMEHfqfQfrHXCsHTprmBDN+JufgOgmUxfGXa+unjAqPEnQ3Vj39DJ/bB2kU6ykqbNB2g4ub5V0mXqYgncy/G4rPqYuCFzlRSx6AEmc0uWU5FowUUEpX6wjD1RmAFrnS8Kpdk6xphywBP4LEkePfLsP2WrXU/KLG/zG3sLmVgpLZKUovTFuPTI5B3g6rfUGa1uy+c5qlQ+CD8zf7Rhhuz+HX8Gbve59jp7R2m3gXvFI+a4/DM+q6noNYNT4DiX+mi58VKj1awn2WnQRBZVVR3ACTBHUe0ahPIfHT2GxxFwijuLrf2NveA1OzOMQ/PRe3VRmHqt59xtPGYDcgRmq2wd8nwapQyGzgg9CCD7yo1FJtPutb4Tiz5GHRrEehi6t2Xwbr8uHpDoVUD3QiTVPTTKeVLaPjTMo7pU7X2n0Wr/6ZoxJ+OQLkgZNh0uW1ntX/wBOFy2St83Vk09mh6yG8kTANRDrYyf8lDJmU6ia1OwOJS/z036WLA92jC3vA8TwHGUwbUHI/wBhV/ZSTCrQG4v2ZCnhH56RhhwicrmMcNw2rkf4qOp1PzKy/cRQtJr7aQq5OjYSs0GB4diKtMvTamozFfmuDcAG+g74Zh+G1goFVkb+0k/cTT9lcKP4OmD+LM3qxsfQCB43DlGIMjOU1LGh4dX+QjbhZNzmXw1irF8OtuR7zSlYPVS+8dc3J+gPj470ZX+XMD8pA9YVRRx9RUiM62H005f5aCQ+WQPHELoYpQLEwnAY8KSt/CK7yGHxClwPKNHlleQS441cTX06oYyxliVK4Bhp4iAs6DnLnEq+FCqYBUESGSGwUaTG4izWO+9vHaUZdLmL0bM512NyYY9YdZyyds6EqLkS+oGkZ4dVRc1xrrf8hFq8VS2UAAD36xdjOKZyQoOUbdI0Uo59iO5Y9BXFuJLcWs3np6RFWxDPouncNoXwzDirWVWU5dS2vQd3faD8UrqjsiaBSR3ScnKuz0Uil+KF1YZTaDunOENVvqdZUxvJOd7KqNC/E1CNpoOzCLTU1CSHIIH9p5W8pmcY9n9JoeF1Pl2JPdsJPgX+Rtj834pGjxePcorrcfUCPA7xUvaOoPxfaFGrbDmwuczAk8rgfqJk65/f1krl55K2bjjHpbSNOO079fYQuh2kY8gdL+kxd7ydGoQZVOS9sVwg/RtR2hVvqQGXUePUhsuXwtMSXO/l6CdnMZSmnd/6B4oP0b9ePUj19v1kjjaDC5yny1mBWoesuo1zfeCfJNrKT/oHhh6s2D8Vorso9FEvwvGFckKDpa50sL7X9DMDi8SRvGPZioxp1qh0X5VU9WBLG3gLes5OPm5lK3VfpDz4IKONm+zDrK6tbLyY+AJmNXiDXsCfGWLxVgfqPrO187a1RH/z09mqGKY7U287D7wmZZONtzMH4pxuplXI+Ukm5AG3mIY89bbf9A8Eno1zAEEHUHQg6gjoYsevhaJJ/wBKmedgisfJdZg8Tjqr/VUcjpmNvTaAZYz5/hDx+n+Wbiv2pw66IGb+1bD3tFGK7Q/FIHwwutr5rm3pM9LKW855ckmWjxRQ/qJYkSirYDUyeIxdzciLeJYY1ACjbcjsf0Mq21HAiSbCQ45EQetTF9tDz74o/l2JB+Sm57119xNAmFcUU+KLPrcXBIF/lJtpe0EJt4ao0opaYsrUcut9BBhUUG4IvGVSmGBVh3GKqvBz+Fx3Zrj3EMpSWjRS9kcXxA01zEXGxMuwXEkcb69JWnCHAYVCpRgQbNc9xGkzOIT4TFRfMDoeo5GdfDPtGns5uSPWVrR9GoYq20GxvG7Na3KZjh3G7aP6wio4c5usqT2aOh2gQAgc4LV47ra+8xQxeum3KX4OpmqLc9/pOTLOmkjYU8Q7C4Om28Nw9Uj6jcdL2iPDYm3eb+UI+ITqf2jaA8m37LEFqjAAZVC6G+rG/wD+RKONcEzkvTNmOrKdj3jpCOyNO2HLf1uT5KAv3BjOsd47SlFJklJqTaMUOGVl3RrdRr9pRUBG4IPeLfebRahEA4kc2pANxbUSEuH2mXjyfKPmeOxP+qRfnH2AxRA0heJ4PQc3NMA9VuD7StODqPpZh46ya45RyijmnseYSoz4c9ztfvuqkTO111mn4RTZMO6sQbPdbb6qL/Ye8z2NX5j4zjTa+qab2kPDPG/5AqzWXSU4HEFiynWwuD+R9YRWpZltsZVw/BlCzNbawF777k2/zWdaTsVtUF2nc5NV0nhGsaxTgJJRPQJ6BAYNR1y/MqsP9wB8tZKrjSVCiwUbAaAeAEEJ0kIHFMKdEg0mz87eMoM4HWakay5KnXlOrG6rr1/z2lNcWF5Y6mw05CK0OgNxKWltQwdmijHjNPUbWQIk6SaxJDIZ7+cGa6nSELtOqJcd86EQezqOLvodIUHBihlkqdZl2MZAaPOIYwo9smnIm+sguKuLkW+0N/iFcWPva0lSxRQ/KFHeFF9e+agWLRxVFOVww8h6+n3gXH8GKlI1aQzFbnTcgalfEb/9xrX4dTdszqcx3IYgnvheGpU0QpTTKCcxJJZibW3O3lNCTjKzSjGUaPkzcX+XKBOo8aqAWG0adruE/Bf4iLdHOtvwvuR4Hf1iKjTci+X2nepJqzjaadGhfAHI4IKunzAEWNvxCLqGLyWJB337p9i49w5GV6nw7kI6nJ9RY2ysRztb3nzPDYemcyumuttSDryPTWQeDoX3KwzC4wMAb3HKMkc6a+UTDhgGqOV7iNPaH4FXLKgILOyoMvViFH3k7TD1aPrfAaeTDUh/szf8yXP/ANpZVuecuayIFGyjKPAaRVVxBJ3l/wBEUe16hVrjUdJJwHTxlLVLixkcNUymx2iMcDKTgkJqpqZALEY4RhRdGXoQ3lqD+Uz3EEsxmjwW7D+pWHpr+US8VTW88nnXX6uMvlf8OngdxlEU2kwJ1pITvJspxb2tJ4Ziym/I2/z0k2phvq5S422UWECVAbIgSQE4SVoTEhIkSarOQqb2INt7EGCzFYS8jktvOxQbIcu/dvPMMjBFz/VrfqBc2v5WgvIawRq3bT0/SeV3J5m0sp/XfoCfPlKqpisogVllTS1zKHMATryVJtRKbS/DprEaGD1M9w2JU1kpnmQL952H5Sqm9xf/ADTSDYemWxdJRuainyDBifIAnyjzbVUTSTuzQ8f4eiMCul+Xf1meqIRvHHafF/ObctIswNJ9GqKQjLcE21uPlKjfp5Qqb7NVgCj9qYKTLErnnJ1sPzU3EGIl07JtDKlVDDeTvFN7agy+li/6pqME4uirqVYXB5d8S/yof0j0jxGvsdJRXSpf5Ctu+97+kaMq2JKN6NtQeYztzwcJkqUlb5mYPZb6nUHTbmJq6LaQ2i9950yj2RCMurs+QAkDVj63jPsVdsdTLWsudxz1VGt7kHymh7Zdnwf9ZFsDo4HL/dEvAqYpVEcDa4PgylT95NQplnyWj6DjsVmPdAC8jmuN7yI8IzsmghG6yVwZQrd0vQgxRywC88KSQWWrBRiug1mXxF/A6GLuLpa46EiNAnUQXjVK65ufPx6zz/ruGTUZx9PP8Mv9PNKTT9mctOtOJ1nplYytDSVM9WStIrLLRhD0CStPVnoEFmBeJEik1u4HwuIm4K7fHUDnmDeGUn8hNIUBBBFwdD4SGCwCUySi2J0uSSbdBfYSfW5WPdRottIsJcVldQR2xUslCAAFj4QKs/QQ/Eraw6D3i9xF/RRAzkyNpYwlbGAKPBCKennp/npKA0Jot8p03i7kkF4RYJrOHYdKdL4hVc+UgNYZgDuAd5mcDSzuq980fG62SmEHhKr5IS+BXgcMK1QhxmU6kf8AU0/E+HK9OwGqj5baaD8MWdmKGhbrNFVqBQSdhGUU45EnJqSo+a4nDMjHLf8AzcQZmDb6GaLjNemQH2OYgBbagfUzHnr9vCIWNNzpmv4D9YkZFqsEqUyP1lBMaph9OdoqxbIrEfMD5St0LR6lcjYwpMfp/wBRS1de/wBZH469D6/tDYGj6IlTnDKLxWjwzDNbSdpxDmk1xrqDAKPZoF2KkBDr3i/IDnCcO2kZYWpYzIDM3xPCfAKKWBzZsosdVW1z467ShReH9tMKxC1wxUU0Ym34mLKFXwJtfuETYDGK4DLs23cQbFfI3i39zRRL7Uw9ROZrbyJJneMLQUy5KkJR4KqiWJT6GI0NYYrTq9MMpXutBfmEn8Y84KWgfsy+Pw7U3sfI8iOsgGmjxlJai5W33B5gzMYmk1NrHbkeonJLicHjR0xmpb2XKZYDBke8uVoLNRa72UkcgTBuFYsvmU6ka37jpChPMLhUS+QatqTe+2w8NTEafa/QbVUEKJYoniyxYyFPCJBFub8hrJuZzHKnedfKDbD6F+JfUwF2hdevAqtcwFEVM0pdp69SeUKDubIt+/QL6nTymq8I11shmh1E/KJ4OHFT/qXv05evOeIbNl5cpvFKL7MHeMsI0HZvD3YudhK+O189TKOX5xpggKdG/O1zEGBOetmOwOY+AjPVCLdmx4cFp0hm0AGszfH+P57qn039YBxrjBdsqmyDQDr3xE1Qa36RZSbXVBjBJ9mSxdc9eUnwhszERbWqXM7BYrI4PrGhFJ2PJ4NxQw8znaXBEHMo8ZpcBWDAEQ2rgg4sROlxTRzdqZ8qcEbyAafQ6/AFPKBns2vSTSKOQdTaHIdouG8MQ7TtOMa0nh2HqRTQeHI0wAvitL4mHqrzKEjxX5h9p87wGOJcq7E62Uki90AFv+NvSfSsK4JAJ3uPUTJYPs/h6lSrTqMRVV89JhcOq2UfV9LjMdiL+1pzi3JNFISSTTLsLUBGu3OXPTtsZDEcOag1m+ZDoGG1+hH4T3QvBpnHhH9Cgy35SxSwjL+XDcGx9v2lFTCuPwEjqNf3gaCmgJqpHODtWbW+sJe97ZdeltfScuBqtsjelvvB1obsLy7dYNirka6+X7x+Oz1Zt8o8T+gMl/4s/wDWnoZnFtaApRXsxTrY6aHod/LrJ063Wa+p2RYixdD4gwGt2NrWOV1boGJ9mtf1vIT4H6KLmj7FKVBL0aLsQnwWKVQ6EEgkDMvdYrr7cp1LHU//AHkHi2X2axkHCSKppjdWkw8UNxOiBc1kt/tJY+ig3glXtTQX6Edz1y5R/wDI39oOsn6DaNHTGZrcoLxCsLnXQbTJ4vtXiH0RAg8T+VvvFdSrWf63PkbfbWHx4qzJ5NHi+Iov1OB5xTW4yD9Ck9+w/WLFwY3P6y9aIHOFQig9mWpiHY3J06D/ADWaXhWMzDKTrbT9JnE8IZQbbT318oyxoDp7NVTx5tZrMvQ/kZ7Sw9N3UqSLH6T+R5xNRe+/7Rhh6ljG7Xhidayhx2nr5ECA7zMJjMiEA/M+/cv7w/i9RnUA2NtrzMYnFBTZkYeBBHvaTlF3geLVUwk1Lweq1hbnzgVTi6j6Ubzy/rAanFifwn2mXGxnJB7sZUTFz8Rb+k+dpSeINKLjYjmjf9muIaZSdpvMFUBE+F8P4k6OCNue8+ocE4iWAuZRJonJpmvNMGQ/hxIUatxLM8wpknGsKoNylD8pZQNjOgiG0zDqLReDCqTbTGD6b2MznEuDYikwrYd3axJA3ZL3OVh+NOWvcDfcPVMLpNdWUMVLKQGG6nk2m9jFasydFNHiAegrulg6/OLE5WGjqefykHvAFxcXsKMWKQsqgqdcxbf2ttbx3gRxFdC6MXxNNmAvZWdAL6rkvc7akqdNADM9xHFPRcp0OZQRp11QjS9xdSN9ba6o5NaKRijYrxd2F0VCPEt9pE8YrL9SC3cJn+G8awNgWRKNUgqzJRsuvfTsSO5gdR3CHg5hehXWoP6QwJ/4N8w9JnOSMop/oYjtKw/DPafahj9SgeH7xC+KzGzqLjusZ6yKR8sy5k/Znws1VHjytvD6PEFPOYMow1G3UGTp4p15mUU7EfGfRErgxb2gxpWnlU2ZtL9BzP5eczNLjbryvGmEqJiR8zZWXQDTbwMZywKo08gNHEIyhK6512DfiX9R/msC4h2Touuak177A6H1At9o9qcAP4XHmLfmZVTwNembqMw5gG4PloZNq9oopVpnz/FcDZDYqfMEHxtFzcOF+YPnPsa0/irldGHUMDp4H9Irr9lEa+VrdzLf0NxJvjfodcq9nzD4OXcX9pbSoo3Ox6GbDH9kaqglbON9LX9DYzO1+HMDYg/p5RHBrZRTT0D/AMAs7+CXpLFw7Ls0NwXC8TU+imXHWwUf8jpB1+A9l7F/8L/m8tWiOQmmwnZXEEguigcxmW/hpGeJ7LNU1+RT1B+4A1mXHJi+SK9mMRLS1Gmrp9im/FVHkp/MwDGcISkxUOWtv8q7+83jkvQVyRemKsSdBFGMpqd/3jypppF7sBssKVbNfwZurgyT8qMfKV/y0jdbeJAj2q5/63gNUDX5z53mtIOWLP5Zfc+Q1l9LCU1/Bfx19tpNqyjmfeU1cWtuniYewtBHw6f9Cegj3g9dVsLATJDFgg2+06iPnDBrf1D9OkNgPruBxIIjHPMXwbFgACaanX0m2B4FbySTp06CASuohNIzp0xghGhFNtZ06YwJxbs/RxNmcFXAtnW1yBsGB0b7zJcf7Nth2Uhy6NpmtYqRyIv07/tOnRJLA0W7M8yG5uV0OxIB99J7SokWsAB3MvtrpOnSRYNGJZbDNmA5Mb+hBuIXhuJkHX0P5N+onTokooZMNoVULF1d1J1ZPlKMTuwUg788pF4StRNlcJ4rcelxb1nTomngZ6LaSKd3Q+Ay+xYwlMOisC7kL15ebDadOlITZOUUanBYpbABsw5a394UMSt7EWnTp1HMWLUU85LKDznTpgHgpkbGDV+Go/1qD9x4HeeToWkZNleG4DQQ5ggY8i3zW9Y0C9NJ06bqkBts8InpM6dMYAx+NyqQurdSbKveTymCx/FKSkgs1R+iaLfvY6nynTpz8smdPFFCurx5lF1VafgAW82a/sIjxXEs5JIP5/oJ06QOgBXGO1xlyLyJIJPpKQHe4UEkczcL6218p06OKWVOHAgBmv7/ALSJ4eg5E+Jt+k6dBZqRBqCD8I/zzlD1PxKNNieR12HWdOjoRjjg2Ns2XkJtMPjPlE6dGQD/2Q==",PCAT003
CAT016,Toast & Khari,https://www.jiomart.com/images/category/102/toast-khari-20200704.jpg,PCAT003
CAT017,Ice Creams & Desserts,https://encrypted-tbn0.gstatic.com/images?q=tbn:ANd9GcT3PWK5LT_TnTK3O0o32iddBAbIAoYXvhgMTw&usqp=CAU,PCAT003
CAT018,Bakery Snacks,https://www.jiomart.com/images/category/281/bakery-snacks-20200730.jpg,PCAT003
CAT019,Cakes & Muffins,https://www.jiomart.com/images/category/125/cakes-muffins-20200730.jpg,PCAT003
CAT020,Tea,https://www.jiomart.com/images/category/34/tea-20200712.jpg,PCAT004
CAT021,Coffee,https://www.jiomart.com/images/category/94/coffee-20200704.jpg,PCAT004
CAT022,Fruit Juices,https://www.jiomart.com/images/category/96/fruit-juices-20200704.jpg,PCAT004
CAT023,Enery & Soft Drinks,https://www.jiomart.com/images/category/40/energy-soft-drinks-20200704.jpg,PCAT004
CAT024,Health Drink & Supplements,https://www.jiomart.com/images/category/49/health-drink-supplement-20200704.jpg,PCAT004
CAT025,Soda & Flavoured Water,https://www.jiomart.com/images/category/115/soda-flavoured-water-20200730.jpg,PCAT004
CAT026,Biscuits & Cookies,https://www.jiomart.com/images/category/11/biscuits-cookies-20200704.jpg,PCAT005
CAT027,"Noodle, Pasta, Vermicelli",https://www.jiomart.com/images/category/86/noodle-pasta-vermicelli-20200715.jpg,PCAT005
CAT028,Breakfast Cereals,https://www.jiomart.com/images/category/98/breakfast-cereals-20200704.jpg,PCAT005
CAT029,Snacks & Namkeen,https://www.jiomart.com/images/category/43/snacks-namkeen-20200704.jpg,PCAT005
CAT030,Chocolates & Candies,https://www.jiomart.com/images/category/70/chocolates-candies-20200704.jpg,PCAT005
CAT031,Ready To Cook & Eat ,https://www.jiomart.com/images/category/53/ready-to-cook-eat-20200704.jpg,PCAT005
CAT032,Frozen Veggies & Snacks,https://www.jiomart.com/images/category/111/frozen-veggies-snacks-20200730.jpg,PCAT005
CAT033,"Spreads, Sauces, Ketchup",https://www.jiomart.com/images/category/55/spreads-sauces-ketchup-20200704.jpg,PCAT005
CAT034,Indian Sweets,https://www.jiomart.com/images/category/46/indian-sweets-20200704.jpg,PCAT005
CAT035,Pickles & Chutney,https://www.jiomart.com/images/category/51/pickles-chutney-20200704.jpg,PCAT005
CAT036,Hair Care,https://www.jiomart.com/images/category/92/hair-care-20200704.jpg,PCAT006
CAT037,Oral Care,https://www.jiomart.com/images/category/132/oral-care-20200704.jpg,PCAT006
CAT038,Skin Care,https://www.jiomart.com/images/category/122/skin-care-20200704.jpg,PCAT006
CAT039,Bath & Hand Wash,https://www.jiomart.com/images/category/119/bath-hand-wash-20200704.jpg,PCAT006
CAT040,Body Wash & Accessories,https://www.jiomart.com/images/category/179/body-wash-bathing-accessories-20200704.jpg,PCAT006
CAT041,Faminine Hygiene,https://www.jiomart.com/images/category/134/feminine-hygiene-20200704.jpg,PCAT006
CAT042,Men's Grooming,https://www.jiomart.com/images/category/163/men-s-grooming-20200704.jpg,PCAT006
CAT043,Deo & Fragrances,https://www.jiomart.com/images/category/172/deo-fragrances-20200712.jpg,PCAT006
CAT044,Health & Wellness,https://www.jiomart.com/images/category/165/health-wellness-20200704.jpg,PCAT006
CAT045,Makeup,https://www.jiomart.com/images/category/188/makeup-20200704.jpg,PCAT006
CAT046,Covid Essentials,https://www.jiomart.com/images/category/373/covid-essentials-20200714.jpg,PCAT006
CAT047,Detergents,https://www.jiomart.com/images/category/37/detergents-20200806.jpg,PCAT007
CAT048,Dishwah,https://www.jiomart.com/images/category/148/dishwash-20200704.jpg,PCAT007
CAT049,All Purpose Cleaners,https://www.jiomart.com/images/category/152/all-purpose-cleaners-20200704.jpg,PCAT007
CAT050,Freshners & Repellents,https://www.jiomart.com/images/category/65/fresheners-repellents-20200704.jpg,PCAT007
CAT051,Baby Grooming,https://www.jiomart.com/images/category/158/baby-grooming-20200712.jpg,PCAT008
CAT052,Baby Bath & Hygiene,https://www.jiomart.com/images/category/197/baby-bath-hygiene-20200704.jpg,PCAT008
CAT053,Diapers & Wipes,https://www.jiomart.com/images/category/202/diapers-wipes-20200704.jpg,PCAT008
CAT054,Baby Food & Formula,https://www.jiomart.com/images/category/82/baby-food-formula-20200618.jpg,PCAT008
CAT055,Health & Wellness,"data:image/jpeg;base64,/9j/4AAQSkZJRgABAQAAAQABAAD/2wCEAAkGBxMTEhUTEhIVFRUXGBYYGBgXFxkaFxcXGBoYFxcXFxgaICggGBolGxUXITEhJSorLi4uGB8zODUtNygtLisBCgoKDg0OGxAQGy0lICUtLS0tLS0vLS0tLS0tLS0tLS0tLS0tLS0tLS0tLS0tLS0tLS0tLS0tLS0tLS0tLS0tLf/AABEIAJsBRAMBIgACEQEDEQH/xAAbAAACAwEBAQAAAAAAAAAAAAAABAMFBgIBB//EAEUQAAEDAgMEBgYGCQQBBQAAAAEAAhEDIQQSMQVBUWETInGBkaEGMlKxwfAUQlNyktEHIzNDYoLC0uFjk7LxFhVkg9Pi/8QAGwEAAgMBAQEAAAAAAAAAAAAAAAMBAgQFBgf/xAA1EQABAwIDBQcDAwQDAAAAAAABAAIRAyEEEjFBUWGB8AUTcZGhscEiMtFS4fEjQmKSFDPS/9oADAMBAAIRAxEAPwD7ihCEIQhCEIQhCEIQhCEIQhCEIQhCEIQhCgxLnBpLAC7gfNQTAlCnQqWs/Fbmnu6Mf8iUodoVgSHFzSLERTPuss1TFtpiXNdG+FdtMu0haVCrNlYmo+c7XRucQBPgVZp7Hh7Q4eqqRBhCEIV1C8CEL1CEIQhCEIQhCEIQvEIXqIQuYQhewF5K8XQUqF6hc6KrxG1CHljWi29QiVahCVpVif8ApduqEc1MIU6FyHSJC6ChSvV4gIQheoQhCEIQhCEIQhCEIQhCEIQhCEIQhCEIQhCEIQhCEvjK2RhcBKzNRji4uLhJM6cdyu9sV29GQCC6RYGT4KpYCQOq7wXG7UFR5DQCRrzv8LTh4AJVpsqqR+rMEXM/CFaqhwFcCoJ6og3cIV41wNwZHJbsEX9yM+otyGiVVjNZdKOrUDRJMBSJDbH7LvCbiavdUX1B/a1x8gSqtEuA3ldu2jTH1vIqWhiGu9UysxUjvVpsEXPYPeuF2d21VxWIbScxoBm4m0CdpWmthgxmYE7FdIQhejWRCFUbexjqYYGGC4nwH/aqjj6/2nz4KCYTqdBz25rLVr1UWwsdUe97XmYEjxj4q9Upb2FjspXiJXqUxtct0jSboVQCTATULz5lUjNp1M27wVtTrTTzn2ZPhdSrvY5mq6qVg3XXgqFmzKpc5xqMBJJ9Uu/Jd4KqXuLnbz5K3zgaIS0k3C1h++H+0P7l26jWiM7HdrC33EpsPXQQpXmGJAAdr5HsUxChqaLqg+RdBUBSoXhCAVCleoQhCEIQhCEIQhCEIQhCEL5jtj05xLK9WkwMDWPc0dUkkAxck6r6bKwG0/QbpK1SoKjhne50ZAdTOsi3ckYgvDRl3rf2ecOKh/5GkWsTeRu4SqPE/pExOTKGQ/2wW5eRyls+aVqfpDxo+s3d9Rqunfo8P2p/2v8A9qPFfo8B0eW9jD8XlZM9XaV0i7s4TlA/1P4Wh/R76QVcZRqvrZZZUyDKItkY69+Litest6C7EbhKdRgc4uc/Mc1psBLW7hAA1Oi1K30ySwErh1sveOyaTZCQxLi85QYaNef+E650AnglMM2yHmEsBc08OBoFJkXcLh9SPnRIJAuVdBphcChluy3HmpwugrDgo1XVN8iVXbWrNLcoMukWG6OJ3KPF40sY9rT1iQ1vIumT3AEpWp1Who+f8rB2riwzDubvaR5giBx18NYOiZQp5nApV9F2sJ3ZGIawkOMWjzUBru4rjN4heTweIp4fENqUybfqG+x0Pkt9Rpe0tPotODOi6VRsirBLNxGZvLQOHZcHvKfr18tgJPD819BpvztzLlEQYVT6Tj9l2u/pVU9plX+KZnjOBbTklzh2fJKC262UamVgCX9HR+uf934haRU+GphhLmanjdO0cYCcrrHyKsBCRWOZ+brRNqu2jqfuj3leYjHm4piY1du7kvke+5M+CnRKaYMpOm26uXCKB+4fclfox0lFWlULS0OtlIi2kaICvVqF4SWzdFbKmwTSww4QrSZHchLSGJ9IaFN+QuJIMEgSAfGT3SrjDVmvaHNILSJBG9fP8WQx+R9G8kaM46gG5F9y2OwaZbRbIyzJykQQDxG47+9Va4krbicOymwObt4gz5K0fouMKbHkT+fxXTzZc4TQ9vwCssKYXhC9QoUoQhCEIQhCEIQhVe0hEQ508J0HYoNghWiidUvASGCpB49d0jUTx09yKUAmHaEj1huMXVXugKQJKeheyoM55eIRJSs6tCnLl5Kr3E6l0DtgBTMJhUFSVMJl0b1GaxHPkfzUTnFQ1HHl4hGeNERKfdUDmEjSCuaOiS2c45Kg/i94Ep2jomF2YAqoEEoc6BJVJtPbAovptInOZeZ9Rmk87nyKtK7rxwufgqDbeyalaoHU3NAIDXZi6wBN2xrroVmztNSHaBasO1hcO80668YWhpVALE9nPkmCVVVWHqQTDdYAJsLa9nmnnvOSTrAnt3plIjILrMZzGyoajs2Jjc0E9+g/qXWJqAS46CT3BLYB01qzuGVvlP8AUma9MOa5rtCCD2EQV5jtV+c5P8iTygBb6QiPAKhfteoXNyNaWvLwABJ6gJdN+U+OtlcYOuKjQ8aH36G+9UTdn1GB9NgaWuJg2GWbOIOotPjv0V5szDinTDAAInTS5Jt4qe06OBDGHDRM7N3+V9dNy2VcoFv5HHdu5JmjWyEO9l3keqfePBOYCtmGY3J+KrMczquHFp8YU+yKksXe7JrF1IA7P4+FzXtGYlP1HyoC+8Lqo6FnX7ZcH/sKmXjBmOyF1JhWp0i/RaIOUVV2Zw5Iovkdt1ED1lJKU4QE4XiwGimaUowX8EYrEtptL3mAPedAOJVZSQ3NYJ0OUgqKh2ft2nUdlBIJMCREnWAeMbu3graUSrVKTqZhwhKbRrhoDybb/h5qL/1draLahHrZIaCJ6+i42q0dEZ4E24i481WYfY9NuH6WrmOVmctAaDYDMNJ6waLczxT6bWkX3rJUc8GG7lqw9u8jxHb7rrvpWzGYT2jfosg/C4UR16rnDKwwwk9VppOBGXWHjM3WABEJzB7Fw1VpyVHPaIEwJBsHCYkzluDxPFSabQJJPkoFRxMADzWjoYptRmZunMQe8dymwWh7fgEhs/ANoscA5zszpJdEzAG7snvKfwPqnt+ASjEmE0TAnVMoQhVVkIQhCEIQhCELPVj1ed/etCs3XqjKRN2l4PaCqP0VmqakOvT+8E1lEusPWd7yksI+X0wCCZvfgL9qdm7vvO95Sav2jx+FYar00m+yPAI6FvsjwCVxe1KNJ9OnUqNa+qYptOrzIFu9zROkkcVV0vSyk+uyixr5dUdTlwyjqisM7fab0mHdT3EEi0ESoNJ0CmQtDZRvYCdAsrgvSmpVw+IfkayrSawtynO39ZIaDIEOBa4FvYd6cwO3yWs6RvAPcCAGlxqZereTFIl0GBzQ6xylNZRc5mdumivOiHAKOowcFBgdp0qzQ5jtYsbGS0PiDqcrgTExKZclkBVIIMFebOsyp94e4KwpGyRwohj/ALzfgmXuhh7FoJimCdyWLuPisrTfXPTNptBzOeC605sjRrmEAmYsdNwTWHqYloa3omw3q7tA6AfW9kg/ym1wEw1vR5gxggmdbknXU8tFOar7Q0HjfQ2/ysz8Tm2Ng7/CL3Q2lG08vFI/SMZH7NkwLQIkt3HP7WvZzlN4N1QUXCpqDAkycsWk8bweyV7UqPGjQbce3/C8rv6pnUgKGYi4ENE7tfdT3etzbeqrYZkVHR61R/gDlHk1WOIpmQ3z3Kv2G2GN/mPiSfinauJJcIMD5n55LzeelUe9zz/dAj162LflcIjd8JbIeB8PngVPhWmbgro1P9TyHzvXHTuB9bfuAj5sh1KkyCSY4ZfymZnOEQPVSYsadseKW9H3HowDqLHtFkxijLAeYSmxzBeP4n/8iux2M67m9XhZ6gTmOqws67CVc8ioMp/hbPhl+KUitUpuaCC0m7idfVzOmZvYi2hMwUx0uItZlwIvqYBO/k7x5X9I6nfUKMPiYbIabjdPXitFgqloUlQ9Yc/jZZ2m7E2gNHfBkCRobgu8rHW14HElgOsCe2L9qqWwNUt7pdoR4qwA07FRelrHuY3IYykkx2Ee/wB6uNoYno2OdE5Q0AcyQBPK6oK22mFzBNiCSYNiIFu8x3KuRzhYKmHrtpVA4m4j1sq9rxUqNLJD3PbUeSGkiMoyyBZtp11W4oOkLMM2pStDtdIae3hwurXY+1GVHZW3lsg8Rbj2oFN25NxOIp1AACPOSmtoDqj53hKY7H5IZ0JqhzHEgSZAtEQQR2+eisdoDqBc4U2lWbAMlYHAkQFTOxDd+AmxuG9WBJF8swcpOk+ra4U+ysc8OyfR3DM6XPuBJBMxlmA1oaNLjcrsFdpheCIj1KoKZmZ9ApCeqpMD6p7fgFCT1VJs/Q9vwSkwptCEKFKEIQhCFG94AJJgC5J0AXr3gCSqfaeLDRmqm31aYvJ3W+sfIeaVVrNptzFWa0uMBMV8QXghpIaRroTz4hZXb9I0qYLHkGTwiACYgCNyddtGsZIhvKJjvVfjulqtyvdImbMC8ziO021DIJ5AxyXQp4YtsYTOw8L0tPM97iZIMQBa3CQr+covpx18VmcH0zGhjHwBp1ArChjKrbuOYcCAPAjepoY9o1nxIMIqUSTaFF6UbAdisr6VQNcGPpuDi/JUpVMpc0ljg4Q5jXAg7iNCl62wcHhqXSYiakATnJLc8te9zGEw1z3tznnPEzocLVa4ZmG29u8HmNxWB/SHtF7qwpCk97WZTLS0Nl2suINxrEHQaSuz37sgDSszGNLwH2G3+FL/AOTsaHMpYCmKTySW5WgPcYJcWgQSTBk38Fe7Kr4TGC1JrXNblLYALWiRAjdBI/mI0KxeGoB1IuNEPcQTetSkmRAzEDKLnTguNkYt9LEteGPcAQMwe17SDI60N6sACSTaTv1QKhkkn1B9itr+4y/08zTs1v47vG3qtw3YRZWplpmmHF2gzNMuqEkzYOdkEgEw1o0kq/IXa5cnrG+o5/3GVy0wx/Mj58l3Wf8Aq/BLYgnozlEnMLDhBS76lTIR0bpTnUy+nA2j8pIMGeK5ruY6zjoZ1i8fkVE2nTFhF/4j2/BQvZVP7p6j6Ct7DvD/ACsNNtQNiXDhdXeGkzAPkm6TabTIgG98x36r3FVJBjgladKrvpvPz2r2rRqkGKTuEWRleaoJkxtM7FZoAaQAByXGznwzsBXVLFWIsSNe/ilqWFrhpHRO8vzVbs3ZmKZULnUXnPObS5NxvOmi4mC7PxOR7oLSNJGsx8X9Nq6Z7syS4K8+l30Edi66eRoLpcYat9g7xXrcLW+wd4q5w2MNoP8Aqf8Ayk5qXRH5TLn/AKspPZ1TrPP8TvepHUK+QgUX33KDC4HEAumi+5PDeuj2TQqU6js7SPEH8JVVzTt6sk2YvqwKD2g7gANezekW4dn2NTgB2gXNoA3e5XtfZtUU3F0NsZvJCr2YJ+vTOnjH+fnssvSteBw5lKcwv0+oDg23mvMLiyxob0VSGjU8ZMn4q6wFXOWO0Dmtd4gfmk6FMtbBcXczqrDADrdgb8fyVCReFNRrmsEnla3lwTGOp52VGzE2423iN43d6qMRhoaMhDctySAZAEX47j3K4qnqu7SkKroBsXchvS5IMKKbAWknryuqvCBznWqBwDhm6osIsBYQZaB46LQYAAGwA7lV4eoJgUnNHHKALfPmrDCm5UvN9Pb4spa2KZvPn83VpjB1ClsEbJiv6h7ktglZYk6F7K5XSlQpCeqpNnmx7fgodynwHqntPuChCbQhChShCEIQk8eL07/WPf1HLMVGZq1Qm5Di0TuAAMDhqtTjvqfe/pcsyf21X75/4tXE7YEtaOIWvC2J8FFjaLoGTcbiYnvVWcNXgtzNvcuk5pi8aACbwPKVb16RJJzHkABu7VX4zF5SC4ENG4iZ3xEGdCO8LLTpk5WsIO+32ppO9e0qVQ0wCRIO5xuBuLuMp3AYctBzmXHW5jQaDdeUtQraZQ5wgaC2p3nfy5blYtCHsfTcWOA6+ENINwpdnsipI9k941vxVft/YAxNIlgaKrXuLTHrQ51ncbE68dys8F+07is7jcLiXVqpp1HZczoDcUWRvnJu0cfNOwYHdkcSrCe8Dg6CLyszU2fiGEs6Ks24lrScrp1g7pMac1oPR70TJPSVx0cZcjWxIAIdBkaGBM37EfQMbf8AWVLf+7Np0m/MLg7PxoHWrPAtc4sjt374PZC1BsGeudlqqVS9pbmaJ1jU+N1vCuHFZPYVKtSxBNfENLC3KGOxJeQ92XKMrjqYdHatU8q94XOqMDHQDPh7cl5hvrIxLy1jnASWtcQOJAJjyRhPrdykebGNYMdq3Uf+sKizuA2xlzNdnqHNJIFmghjRE6iTo2YlQ7I2+BRLqudzopvNwQRUkHKZsAWPJmIuBuTWx9nsa0Oq02h2cubmAzNJDQ4jhLmkx2JxuDw5ECnTgsDIgR0YuG/dvMLHVq0S50sJki44buHWxKa2pAM7FD/5DSkWfd5ZoNYBa6JmHSAO28QVw70jaA0up1AHZcp6pkPY57DY6nIRGswmzhqGYuyszZg4m05gAATzgN8AuaWFw7bNZTADs+gHWix7YcfFIHc/od11u9r3If8AqCW2Jtk1HBmcuLm9M2Wj9m+4Z1bAslgJOs74K0bSqrC4WlTLejptFg0ZQLM1gctPBWcrpUarajZaIUNaRYrrMo61bLzO5dyqfbLiTla4B2UlocYDiN3HyTHGArgKPaW1qtOXZqYHDKSfEm6S2V6Ykua2s0AOMZmmw4SNw5yq/H4Jz2EBrqj9DkByg71n8VsPFfUoVTHK3zfySpeCpimRBIX0LbjgadadMhFufYsrTbSj63Cxf8DyVvWFZzD+rcSWtGm+0qvo4XFiZZPCW274A3StLQVVtVg3H1+VPRw9Nx3z953vmyfwjwHEbhl8rKBlKtlANMzAmI15KCnh6+YnonbuH5qDKHVGkbFdTLHdpVTUBJkPjlqPBMU6dYC9N3kqraOCqCXNpSZvInXsVct0MqtAI+U2GOn9p7596ssA3W5Pas9RwlUwX0qYuJvu3wOxXOHqtpt3DkI90q5pOMQFDsVSAN/UlW2Jq9WOYSmCqjj87vcUlWx4IhRUcnrOyk27d/5q/cv2hY+/p7CFos/H5my7a6Vnn1G3ApAtsdbmLgR4qzw1OnAIYBoY4HX3qHNLRfr1UsqZjaOuSs9yn2f6p7fgEk6sA0zYC5JsAvMLjxEsLXNJNwZ5ajsSO8ammyuEJWhjWusbHy8U0pBnRAMoQhClCXxTZA5OH5fFZqqIr1fv/wBDVp8Tp3t94We2hQLaznHR5BH4Q33hcbtgf0w7c5p9/wArVhT9RHAqHEaG8c7W8bKubiS0QalNw1v4zaN6cxhfHVE68P7gq44d1zlufOSSf3nFYKVQMObMQeEfJT3CbRKmq1HOsarWi3q2Pv5hWNPQXnS/HmqkYMn6nEi+km/17kzqrDCMcIBgNAgAd3Mqzn575iTxj4UARsT+AH6zuPwWS2nhsD9LqitVAqvqMBY54F81IgAFujxSYw3uHuG9bDZQmoTuAN1W4rC1zUqvpl0TDQDR6w4hxaS3KS4iSbrdgLUy6drkqt90eCoNpOwD6lSo6s1r31DmOdrmtNNpw725XNLIsdRMwRuUD6OzmuNQV4LgKjT0ge2G1A5uQFha4h1N4jeHv4q/oYbEFwztqAcXfRnWEWdlbOki3kgYfF5TLX5hoc2Hg6W9WOJ0W4Ojb6/slQkNibCwdcF1J73sa+m6Wv6udjAwNJyjMIF2kkXgiLLXVCq1mIxLWtAoNcYuXVmgze5ytjgbcVPh6lUg9KxrNIyvLu2ZaI3JNQk6lSAmsKfW7l2Sl8M/1vngvKb3HRpMfHdM24LUwE0YbrH5QXBuq6rMBGgJgxPH/sBI/rQfUpWBtJBPLl56p4OWadteu5xa+kGxMSHeE5hJ0WHBUalWQ2IG8+0kKmJqspwXTfcPexVw/OLNbSi2/WRe26CeO5SYek4nrsp5YPq39+6FRP2o6D1GeDv/ALFZ7D2lUrB3SU8sRBGh7uSfiMLWpUsxDYHG/K6TRxFOpUDbz4W9lZ9GMzZBLRqBG7TXdqm6RsPnzSgch+OYHspZhneCQOQ1+PgVGBqucMh0C2d39RI6hdYvaNOmQ17gCdJ/NZrbuOlzXsqDo8p3a9+o/wAqx2/RDgReY3fkqva1CmaeUjqQAI4RxWpxJJCsLCU36M4o9ED3+9XQxo9nzWb2G9lKjr1RAG/UwPerHD45j4yu1JAkESRqugxksFlxKlQ5zG8qTau3RSLOp1TJcbkwC0QAN9/JRUvSemajw5pbTayeZcMxcNYiGnwPBGKwmd1MzGR0xGptHZp4Ep6rh3Uy0sfTY3IJa8tFgXAkAgxZzROnEFS7IBp7oYXuOtuSixPpHhwbBxPWtF4aXgze3qE31kKOh6SU31AxrTc5RMg5hOYRwhp7weCmoNq52sdUovDndaMpIy5nmLAzmyiLxmcbQF1iKQa7Qb9yqzKbfKs8vF/hMVMW3h5qoxmOk2Cg2vjcrmU2kB75iZ9wS/o88Vswrw12VjheCA7NrPZ87652NfEJxwtZ1HvbAcTfdPhNl1VxnMeChqYpkWeDyyuCuamwmO9WqPI/FKO9FuFQHuK0trUtvssDqFbYPUflVJxQ5eanoVmk3LQOMEp8ejLvab4FTUvRk73gdysa9HeljDV509Ut9KaLNeHfywrjZ8xJ1I8tyhZsGm31qoPKw+Km2hiadJuZxtoI1J4DuBPIAk2Cw4yqHNDGbVtw1J7Tmf7/ALlJbVpufXYwNZUb0T3FlRxDJD2AOsD1rnUHlC6YzEBzQ1tCnSESGlzjG8N6rb9wjnos9itq56oqnDuLQzK0g1MwlwOZrmsjduMc1fbPxr3szU3Cq32XQ2oLe0Oq7lYDmsRY5ouFsfO0K1Ji5sFYbPxWcRM2kEGZCwu1WZ3S6o5pdUY1tOtTNszmtPRnMGOiSZbJWn9HcCKMMDi67iTAFzcwBoFZtksEytEhCE1NXL2giCksRTEZHiWnQ/OhT65c0EQdEuowPbB/bmNqlpgysvXwlRphoLhuSDsI4Gcjhr9Z0eEwrfGuqsqZG0ar26h4DS2+49abG2iTxBrOt0FYa/VZv/m0XmanZ1VkimHjgII5WmF0G12n7oSbNmOmQx0zPrO7b35BWVHC1HGHDKN5shj65NsPUF/rZG9+p+SvDh8RVmk+iabXavc9pEdjDmMkC1tUyngKjj9ecjiQB7AqDWAFoTdOsHDLTtTH1vb7OXPelsZshlSoyoX1GloAAY8taQDmGZo1umhs/EgQH0jyyuaI7pXowmK/0fxP/sXYbSqN2eWngNwWXOEjT2I0BoFavYgyapJMFzocTqDnM9g4LmpsJp/e1hukP16zXHdvyx2EqyGFxPCj+J39iPouJ4UfxO/tVslTd7IzBeV2kgjMWzvESOyQQkm08gMve/m4jygDinThMT/pfid/auHbGqu9aq0DeGtk9xJ84VDRqG0KM7UjhKw61/mykc8G2bq8N3bdN/8AjFKIz1e50fBRn0Tpfa1vxrYxuVmUHYgvaRBCgc+BAjxSxceB/Em3eiTd1ar+M6LweiLd9aqex5HwKwtwbhtHXNWdUBS2Y/xfiP5KSlUPA95Knf6I091av/uf4QfRGn9tW3R1/FW/4ZO0eqjvAN6BUCzu0Wu+lA5XeswhwBIDRE9YaR1pHNaR3onTgRVrDW+eZ4Lx/okw/v60fe/wnYfD90DJlNp4rISY1EJHG4qgA8uBALXBh6+oFo3gr5jUfXDYqVHnfBe73RdfWX+h7DY16pbwJCVf6AUST+seOGnmtzarmAgAX39BYXUmO1J5EfhVnooZw7ZvYa96toFjAtpy3KpwjG4cvouMZDAk6jUHvTX06n7bfELS02XPd9xCsKRuFbY7ZtKpDnsLi0QILgYsbQRwWa+nU/bHiE8zaTHX6YN0kFzoJHCHCBpZLqjQgp1Ai4ITuA2TSzCoKb2FpMNLjF4OaJ5WGi82rZ3zwSv0pgucSCJBs5+7X66SxW1WPcTmEbrhRTBLpKmqRlgDrkoNp4UVAJMEXBGoS2yacPqEuLiYJJ8FNWxzI9YeIUWyH56jw3rdUGBe0puVk5tqX39Us7qTl3dX1vGk7E1QxAeYjdIO46+BsbKHFmpmApxcHXSbX8/emRQAcDOk24F2q9dUDYJmJGgJ9yKecD6lOJ7kumlYR69a8ZiyiZWf0bb0y6BcvMnQXECDO5S4XPBzgAzaDNk20083SdPIucuTqx6wAtrYXUFOoHCRp2H4qWOJlLe0CLpd2Nh0BsgOgmd8wYG8A6pT0wfLqTZjMD5uaJ8cg/mTX0M5pzdUmYvPGJnSUxtHY7sRTywQ5slhIt/ECNS0jhyO5ZXtdOZ2w+i6Geg1zRS3X1163W3aKjY99MhgbLWgfVNxBLjMwCDAg3MqT0exJOK6oIa9jiR5g9vqn/5DxXhwOL9Q05EQTDHSPvF4nvb4q62Jsrope6C8iOOUam8CSSBO6wA0UV6rS2AVqrVmubDSTebxawEDh4yb6qh2ptJ9d5EubRbUyjL6xc02cY6xOYCAOSu/RPHvNfonP6RpaXtcdR/CeNryfjAQx2xage4U6XS06hzZfZMlxkG+psRO4WiTa+iewqtOs6tVaGDLDW2kkx1iATlAAgCSesZjRVAplghKlmQAa23zMmeEERbXWVsEIQqqqEIQhCEIQhCEIQhCEIQhCEIQhCEIQhCEIQhCEIQhCEIQhCEIQhCEIQhChq4ZjruY1x5tB965+h0/s2fhH5JhCEJYYGl9mz8IXRwrPYb+EKdCEJf6HTmejZPHKF6cJT9hn4Qp0IQl/odP7Nn4R+S9+jM1DGg8QAD4qdCEJR7PabPOJ8tVC7CsP7sfhP5KwK8KIUKuGEZ9l5H8lI3DUx+7H4T+SdXSOZRA3BKNbHqs8gB89ylYyDJ19wUy4Zv7fghC4qYdrtR4WUYwTefZKaQogIgKNlIN9UAKRCFKlCEIQhf/2Q==",PCAT008
CAT056,Pooja Needs,https://skumarstore.com/c/58-category_default/pooja-needs.jpg,PCAT009
CAT057,Disposables,https://encrypted-tbn0.gstatic.com/images?q=tbn:ANd9GcQluBLy6amgUfTebLdaNuFVMKNRF4LkjVd5oA&usqp=CAU,PCAT009
CAT058,Electrical,https://www.bigbasket.com/media/uploads/banner_images/L2_CXTT870_Duracell_1200x300_01Jun21.jpg,PCAT009
CAT059,"Mops, Brushes & Scrubs","data:image/jpeg;base64,/9j/4AAQSkZJRgABAQAAAQABAAD/2wCEAAkGBxISEhUTExMWFhUWFxcYFRcXGBYaGBYXGRgXGBUXFxYYHSghGBolGxoXIjEhJSorLi4uGB8zODMtNygtLisBCgoKDg0OGxAQGy0lHyUtLS0tLS0tLS0tLS0tLS0tLS0tLS0tLS0tLS0tLS0tLS0tLS0tLS0tLS0tLS0tLS0tLf/AABEIAGkB4QMBIgACEQEDEQH/xAAcAAABBQEBAQAAAAAAAAAAAAAAAgMEBQYHAQj/xABIEAACAQIDBAcFBAcGBAcBAAABAgMAEQQSIQUxQVEGEyJhcZGhMlKBsdEHFBXBQlRicpKT8BYjM0OCwiRT0uFEY3ODorLxF//EABoBAQACAwEAAAAAAAAAAAAAAAABAwIEBQb/xAA0EQABAwMBBQYFBAIDAAAAAAABAAIRAwQhMRITQVFhBSJxgZGhUrHB0fAUFSMyQvEGcpL/2gAMAwEAAhEDEQA/AO40UUURFFNz+yaRwFET9FQGDDcT50pcSAO0bW33NEU2io4a/Gi/fRFIoqNmNeFjzoilUVX4vFrGheRwiKLszGwA5k1jcT9qOz1JHWOwA9pQTfUiwG/h6iiLoVFZfo90nw+NTNDISeKm4Yc9Dv8AEd3OrjOeZ86iUVhRVcXPM+ZrzrDzPmalFZUVWdYeZ8zXI9vbcnOJmyzyBRIwADsAApy6AHuqWiVrXNy2gASJldvorgX4zif1iX+Y/wD1UfjOJ/WJf5j/AFrPd9VqfurPhPsu+0VwL8ZxP6xL/Mf60fjOJ/WJf5j/AFpu+qfurPhPsu+0VwL8ZxP6xL/Mf60fjOJ/WJf5j/Wm76p+6s+E+y77RXAvxnE/rEv8x/rR+M4n9Yl/mP8AWm76p+6s+E+y77RXAvxnE/rEv8x/rR+M4n9Yl/mP9abvqn7qz4T7LvtFcC/GcT+sS/zH+tbL7OMXNIZneV3ACKLuzAE5id57hWL27IlW0L9taoGBpyul0VCimJ41IDVWHSugQnaKbz0sGplQvaK8vQalF7RSbUjS9r6+NRKJ2im7V6opKJdFeWoIqUXtFItXjUROUVFKnmfOhQeZ86mEUqio5BpAzc6xJhApdFRVjN9586cZNN5oCphPUUxALcadJooSqKjse+mJJCOJrEvhSAp9FQBjaS2IJqBUB0UlsKxoqneQ8z5mpuziSpuSdePgKyDlipdFFFZIiiiiiIooooiaxPsmmcxAF+VPYn2TTJ/R8KhF6rA01JCGBpnFKQCymxsT3U/GTaiJEKldLWAHDdavVxAO6l5xc+H1qv8Au2uYaEd5sfECilTDLR1tITWlGOiLmH2nT4nGzjA4Y3VEV5tbAMScqufCxAqgwn2TuVu+IAbkq3Hma6HiMCsUsz3AaaYEkkAkKiKo+AHrVi0iKt2ZVHMkAeZrWqVHAwFt0qTC2SuM7Z6M4jZLR4iCckXte1rG248CLc+Vdv2PtRMTBHOhusihhw14i3CxuPhVLtHDRYuJkVldSN4IIuN1O9C9nGHBxpbQFyPAyMR86spOLtVXWY1pkLQF6TnpsxHlSeqbkasVCdaYKCSdALnwFcQeQsSx3sST4nU11jb5KYaZt1kYfEjKLedclq6loVxe1XZYOh+a9ooqx2HsWTFs6RkZkQvY/pWIGUd5vVq5jWlxDW6quoqz2LsKXE9Zk0ESlnLXFiL2X942PlUHDYWSQExxu9t+RWa3jlGlRKFroBjXTyTVFLjhZr5VY2tewJtc2F7brnTxr2bDOjZXRlb3WUhtd2hF9aKM6puincRhpIzaRHQncHVlJ8MwpqpRFFeUUUL2ukfZ1Flwxb33Y/ABR871zaus9D4cmDhHNS38TFh6EVTXPdXR7LE1p5ArQ4c1KvUKA1JzVrBd8p0V6TVRtrpBh8IuaZwCfZUau37q/nuqk2dtjHTyrK0a4fCi/YkBMsgtoTuyc/rVoaSJ4LFaqSQjjTqSGoYkDAEbjTkb6VWpSNszlYXIYqQLhgL2t+VfOu0umuLdiWkZ3UkB7/o8gBX0JjsYikKx334Er8WtYfE61wr7QNkR4bHdkgxyrnX9m9wVPg2vgajXVZsKkbM6STPlR8XOLbnRmyMt9Bl3jUa68Pgdv0d+0UIkjYyRAiWSMLrI7c9+oKi5JAteuKQzsmiklMwOXQgnTXXv5VZ4LAP7TqVvvAsesN+R9mmmQp1wV9NbL2lFiIxJEwZSOBFx3G241Orj32fvKkoEeGIUspZk0ITWwd2Ps79ONddV6taSQq3CClkUzelPOo3mmExKnjWbQVgSnStC03NiQKZGIqQFEqfSL1G+8Gm3cmqnGFmFNzUmSUCo6vUed6gORKfGWNPxz3qseC+tePtCOKwdwD8fyrFrXOdAGVDnBolxhW5amZqgrtqA7pB5N9KDtKJrWkXXdr5aGorfxCandHXCU3teYaZ8Mp4UommYpARcG4O4jdQ7VgxwIBCtchmqw2Weyf3vyFVLNVpsg9g/vfkKtbqq1PoooqxEUUUURFFFFETWI9k0jgPClz+yaQdw8KImMX7Dfun5GnU3U1ifYb90/I07HuqEQN58PrULrrNltvJsfqKmDef3frUHL/eL/q+VET8FiSLcqlbuFRYd58KmGiLEdKNjGckSEaM5UkLoDbLbMCNB8qirsoNAqs5sCbE39ngD3VoukuGZluvC47tRppyrN4EkaG+fgpDMo8GLbvhWo8ZXSoODmyrTY2zlhtZi199yTfzNUO2sdKgCRmy5gHA4Aax3Hhf0rQbNUK6gnjrwBJ32HAVS7Tw4+8TruDm6g2zajVsvDXnyrYs2gvmcjMLCo+MLZ7DxvWwqxtmAs2t9RVjWO6Kz5GETEC5FhxJ+WtbE7j/XAVsVm7LseK0SFjvtEmy4Vh7zovrm+SmuXVv/ALT5+zEnN2b+FQP9xrAVNMd1ee7RdNc9AEVfdE8X1QxbB8jfd2yG4BzZlIy8zeqbC4WSU5Y0Z2teygsbc7DhSsXgZYrdZG6X3Z1K38LjWszBwtWm4sO3GnjyhbPZPSYTS5cqwqY5nlsQBLMUsX17hoO81DwJllwmGXBzrG0efr16wRtnLXWRrntrbx5W5ZCgio2Vb+rcR3s+cHhy00810PD4kSSbSbDyKhKwAS3yoXuVZlb9HMbgHmb1ElxDxjBJJLG+Kjkke8kgZUQjRJJRexJ3a8qx0GKkVXjViFkyh1AHasbqN19/KkYjDtGxR1KspsyneDUbKzN0YmPt/adPqtZ0gwRlaBAxSSV3HUyTiVEJ3OrgkqGOgB15VkZEIJB3gkHxGhpWGnaNsyHKw3Ebxw05HvpFZAQqKtQPO1Gfz8+i8r2ivKlVINdrwMGSKNPdRV8gBXINkwdZPEnvOg+BYX9K7eYhWvX4BdjslsBzvAKLJiEiUu7BVG8sbCqKTbuIxV1wSZY9zYiUWX/Qp3n+rCvdtYWJ5ladGcIDlTN2M197LxpqbarHQgBRoFXRR3d/pWu6tTpDOSum+o0an7pOA2NDA5kJM+IPtTSa2P7I/R+ffUzEOTqxufTyqF+JIujEA8t3dTU2014UL3VBtFXMLY7qkT7TljQdWuYZ1zi+oTiR/W6o+H6TROr9YRFlHZ32JJtoLG2vzqHPtTq4pZSAQgJ8bKxI/rnXvRDZ8GJw7zSIrq7DJcX0sDp8T6Vid4S3Z0z4eatpbnO9mOkT5ThVvSXb0cirFlukoBZu0N1igHibVhulztMVZtSFUH43PwtpWu6Q4NFdky2VQ2QDgOyVt4flVXg9jDEvIrEjLGdV97Mqrv3iwb1qim5zquVtVnU9y1rMRPnJ18eB8Fg4sKdbDutyvXWOgXQ95Io552sCDZSCWsNATfS2l6suhfQZIbSSdtjuUjQG/tEX1bSugwxAb9BW3MmFpYhQtj7LTD5hHezkEg7rjkLaeFXCimTiYl3ug8WX60220oR/mp/EPyq0OAESq9lxOhSsRHeoJWnJdqw29onwVz8hUN9px8n/AISPnas980alNxUdo0qQyU5EtqhfjC8IpD/LH++krtkXAKEDiSwuPgN9YG4ZzVgtKvwq1oFQsXNKBeJUcEXBLNqPALVFtPbmMiF+qTcSbK7WA33sRbn4VS+oJ4+iso2r6phpHmQFqGNNW1rnQ6aYyQNkEAsbaqwN7X07RvWgTpjCAL3vYXsDv48Kim4PyEu7c2rtio5u1xAMkeK1TDSsztRgs5YqCbLa9+VPHpbDoMr6i4upAIuRe9uYI+FZfb/SCKRnA1uAOPC3EVu2rmteSeRXKu4e1oB4ieMDwV7gYZAc0XZNuBvcb9CflUSaIlxJnjYneCfa9kncNeI5VD2ZkdCzBjfW4bWxvcDs8QTw4CpmGWENfKTodLspubbzcg6AbhwrK7tX3kMqM7szIOdOaW1ahZgvpVZdBEFuPnjTUK92LYRKg/QAX4gCpjtUXZhUqcq5Rf3i3Aa3NPy1zW27LY7pkwNJ1W6yq6swVHRJzjRNs1W+xD2G/e/IVQs1XewD2G/f/JavAysVaUUUVmpRRRRREUUUURNYj2TSD7I+HypeJ9k0j9EeA+VETGK9hv3T8jTqHT4CmcV7Dfut8jTmcBbk2FhWLnBokmAi9B3/ALv1qvSQF1YbjmI8LaU7JiwbgDeLX86rMI2RYwT7C5T5ZfyrnDtiyL9gVBPnHqrdy/krWDefCpkjgC9wPH41TpK59kW7zSJQApkle6qCTysNSavFw+oYosJ6nuj7n0UbAb/Y/ny90raG140ABuxc5VC/pe8RfgBqTuFZNpcR1hWNxludStyB3W31c9HsMJUOIlXWdSFH/LhOioPEdonjenU2PImgGYcGvYW76trse2BqePis7Oo0guOAdB0/PRQ8LhmSxBZnuN+pJpUgbaGFz5QmJiZgCN2ZSLrfkfK9XsMSQqXZhcC7OdFUcbX3DvrHdFekmHignlz5kbEv1eTUsLA3APC1vMc6vtaTmg/FhUXdyBUa7RuZ+YUfFxTRSI5jKlt4tezLa9jut9K6Ngp88YbmL+grMf2uI/8AA4sX/SaMIvmTapX9qkDRK0TgSkqGGoUi172G4XFzw37hV9VxdDSM54pvA9peNBAJ8dFjftKmviVX3Y7/ABYn6CslV301mzY2b9kqo+Crf1vVJRogLzFy7arOPVaToS6g4oszKowshLJ7ai63K6jUcKlbRnSXZ8nUyySrHKjSNNvXMMihDci1zrrfXvrObN2lNh2LwuUYjKSADcEgkWYEcBTu0tu4nEKFmmZ1BvbQC/OygXpGZWbK7RS2DOhHr1n6FanFYPCHaceEXDqED/3hJYliYSwUa6KDlPjVFhdnocHiZGQ5kliVTrcAsQ6jv7vCq2XaErS9eXPW3DZ9AbgAA6abgKk43pDipQRJMxBKm3ZAupupGUCxB107uQpCGtTdJI5xgaHT0V5tbCwFOsw0cRjR4wWUyCWO7AWlRt9zpep+2VgmxOOiMCho4mlEt2z50RDrwy6gW7u+sljdu4mZQkkpZQQbWUXI3FioBYjvpo7UmLySdYc8qssjWHaVgAwOmmgG6o2Vm65pzgYOuByOnLJC1eH2bhIlgSQQkTRq8jO0omu9/wDCCrlGXTx41F2FhMMyGNRFJMZXCiYyJ1sYNk6p10Vj363NUmD2/iok6uOZlQXsLKct9+UkEr8DRgtvYmFMkcrKtyQLKbE7ypYEqTc7udNkqRcU5B2dOg+/55qvlUhiCLEEgjkQdR8KTQTRWa0VddDI742I+6WY/BGt62rq4xNc5+znCZ55GvbKnqzD8ga0fTLGjDYc2Y53BA7hxNaldxBXpOx6O3TAH+RKoNo9M0mxDxkWiS6o2tywIB0UbiL+QpYxqncdNeBHneuUYIn7wded/rW2wsrZfaPma6FLsehc0hVkg6HM5HHRavaDyyuRGOHhoug4bYEUyIMQr3VswAOW/lrY/DdTW3djSZgYI1ynQqCqgW3HWrHCYi7pc/5aHzWrSfcTy1rx57TqCWACASOPDzXapW7WNELFY4TQlFTCPMqsQcoGUsfacnXsjTyqVj+kaxXQqAQdRe2vhU/ZuJLRg35/OuL9Ln/4/E/+ofkK73Yldt6/dvAECZE8xzwtS+a6kNpp4rW7Z2p1zXjtnyncQdALljfgLVt+jnRaB8PHKWlBeNGYq2W5K33qASNTXMPs2UnFstrhoHB03E2y/wBd3dXWtgbVSDZ0UrklUhUsACdwAsDurYvLRlK5LW5kLbtLmp+jmch2scIP2XgweDG8ytY2u80p8N7VYYXZGDbVYUPMkX+dc3bbXWuxAyhicut7e0R8dF4VptlbbAUCQWNtwIt5331sV7FrAC0StC37Tr1C4VHER1K1M+AhCkKiIbaFVA177VlsRtIqbHQhgD8qd2h0qhA7AzNwAIOveQDVHLj2mzOUy+djYb7kb65t3bvazbiIXVsLhj6m7cZnRWR2kaiTbSNx4mo02ik+J/OoaNcBr7z8xauXtuXfp0mclMxO1ygufAAbyeQ+NvMUmY4tVMkkJRN411A01bz4A/nURZhHiITL2UVgxJ4D2b2O8XsSeAXWtni9qwKruzpYRsLhls1/ZVFB1NtCbXJauq2gz9O0kZdknlk45eK5lW8qMui1gkAxA8s4zJ4cOio9l7cZcnaY6nThlNr6c7j500RGmIk6uN5CSgIaYsRrGxdI8hZgOsT2m3DxqnwEguvDtCw90dmw8RaraLGsmLWVQWRlTPlhZ3KWAIGVDqbEe1x7q1KL3NDhOJz4arcu7em6oDsgnZcdYzPTxTPRbYcJ62OVc7K4Km5HZAA4Hfer4bFwn/LP8TfWmMZJDhXeQtZH9kcdVPZt3VmNodKJ5SUw8ZAAuWIzECxN+S7jvvVZtwGjbe6eQJj0VVO2N/VqVi0RP9jAGg1laXaOGwiITom67MTbvGprG4jauFVj2es39pUYDj70nO1Kxexnazzykmz5lzBcrL12Xtt2cpMRB5XHOqGHZErWOQqpOjZWC8Lnde2o13a76rdQfMAu/wDRK3rfs7s7ZJeQY4wAOOk5OnyWyEilE6lS2ZyAHzZVBsFyqosW3+0bad9q8TbGaRY2vmVQp1BFxfUHvFtOBBFUcc0kSZiG6rMUVx7LkDSwJ1FwTy+NOYDGK5LJDJIw9xS2Xyv4X5Cu7bXIa9pL8DBJOnivC3baTqbmgZOgAz0XUNgp/df6j+VSpxVV0O2hnjMZjkjZNT1iFbhibEX37qvJEBqqtD6jnsMgk5V9tii0HkqpqvOjv+G375+S1B+4jmfSrTZMARSAb9q/oKxAKtU+iiislKKKKKIiiiiiJnE+yf6402Nw8KXivZPw+dNA9kfCiKi270jw0AIeXtZW7C2J4jW27XmRUPDbfTERCZA2UZgFI3kWvYjQ8N1TZ+jmGygunWdWrCMSWYINWsBaxseLXPfUnaSgRiw1BFgNLA6H4Vze2aLatk8DUZ6GOHmr6Dmh4wq3C7TWUBluL3FmFiDyINOrZCf9RPif/wBpJeyk2pvB6Kcx0Ga5+H5/nXmOwLZlS5NSYDMxM9Pb7LZuDDYHFWEmIC5Qd53+TD6VSdLJicOsCmzTyJGPAm7HyHrUvEzpKjWOVwLhW01G7KfyrI9KtoSLLhWTQojOCQCASQN2++le8tjt1BC5F7/HRcThdEijCgKBYKAAO4CwpbTWFYrZvT1SLYiPKwHtJqD/AKd49aMV09wg3GRvBD+ZFXG2qgxsrCnd0HjDgsF9qXSnEzzjDWMcFgyoN8pOl3PEAggKNNLnW1rn7L+hczkyygpFoRusSDqAOJ5ncLcTug7blixD/fOrZVTOy5wATYANaxItmBPnWR6K9LsXFi42E0zIGY9SJXEfaDWGS+WwLXtbhUVKe7ZJ1M+nH10WFrWNw7ZMd3XkTJjyjvf6X0bjNmYdELyyOqKN7yaKDyvuvVJ+KpN2IWRY45DkKa5gBvNtQd9YLau1MTiVTrZTNlYEIMtiTdW7KAAnW3dWu2ej4fDs0saXZTfQGwCnKvjbU95PjWncM2bbvAwRAGkZhbZfFd7aJBLXAudqDHLrwzoJWG2jPnldyb5mLX8WJrSY3YkK4ZolH/FwxpNLrvR750twKKUP9Gs7sqdI5o3kUuisGZRa7W1A177Ve4fptiutDyMGjLHPGEjF0O9Q2XNu3a8BetqIgDgvOUn0ztGp/l7dfX5KDgNhq8InkxCwxlyl2VmOYAEWC7955AAXvTn9mXWaaOSRESAKZJTcrZrFMqjVib7u41Gxm0kbCjDohUCZ3Ukg2RlyqviONWk/SWKSXEGSJjDiFiDKCM6mIDKyk6bwdD3VMlZAUMA9OJyYM+4Ca21syKLBwujJIXkl/vVBGZbCwKtqpHI7qV0V2fHLHKwiWedSoSF3yAofacajMe69RNrbVifDxQQxuixu7XdgxbMBqbcb33abqY2XPhQpWeFmOa6yRvZ10tlyt2SON9+tMwm0zeiIiPKY6g+48VKxGyTNiTEkJwtkzyrIxKxhfbkuRfJqLb6TDsJJJoYocVHJ1pYXyupQqCxzI2tjbQ8amS9KFMynq2MIhMDK7XkeM6ks/vXt5d9MYLamFgxEMsMUtoyxcyOpdsylQAB2QBffxplCKM6g5zqMY0Ax7JmTYFuuyzI5gQPJlvYNmytGG4kc93CpfRrYwM2CaTK8eIaXsEburzLrzuQDUDYW1EhMyyozxzIUfIQGGtwVJ086soekcKPgzHGwTCmXQspZusJ1voL63PCmUp7mQ4wM6SfiHPhsyoOJ2CBHI8U8cph1mjUMCgvYlWbSQA7yK82lsIQIC8yiQqrdXkkFw1iAslsrkX1A76efa+HSKZYIXWSdcrl2VkRCblYwBcgnnT0/SCL7s8KCUh1ACSOrpEQQc0ZIzX5bqZU7NGDpMdYmfKcK++y/D/3c783Vf4QSf/tVt022H94w7FVzSoLoAfatvX4i9u+1efZ1h8uCU++8jf8Ayyf7a0pqioA6QV3Oz3GlSYRrr65XDej/AEXYjFTSIwCwF4iRoTnAY+ICkW76cgaux4+ANDIgHtI405sD+ZriWFlv48RyPEV3OyCd25vIj89lpdrHbqB+krp2KQoUA3qiAnwAHzvVqJrs4vplbzBtXLm6TGPDzRtmeV9Ecm9rqF1JN9LaDvq0h6eRFw2VtBaVcraMVFx8/KvBX/YF7RqkhpdLuHERMxykwuvb31Kqzlj0V1s2QqQnIgeZsT865V03I/EcVYf5n+1a27dMIgwcKxOhIsg3C36TAVz7aiSTTyy3QdY7NYyR3AJuL2Y8K7H/ABqzuLas59dpAiPcKntCqyowBplaj7JwfvbcsmvO/aynw9r0rpHRdA2DWJ7FE6yPq/fIkcWbmvdXGdhY6TCSiVGjJsVtm0II/Zq3wnTSeJCqdVqznXObF2LG27S5rt31vUq19tmkeCwtbhjLd1N+sgj3+4V70g2KsE7JEDl4AG+ugsL8Lmq+fCOhynMSQDdQLC4YHfv1sfhT/R3buIxkrKxiuFBGVTzsb3Jq52lgZlIzzKAy6aAW1N7G3fXNvL+4p1RRYAIGTqTPt7Lc7PsLYtNav3gSYEkR9eqYg2AL9kyM176WA46Em/O3wq9To87L/eyLEveRf1+lG0I4oXiCS3BSQuGYkkgJktbcNW8apcdFGx7TgX7jzPPwrn1nXLmh1R21PIgfIStu3ZbNcRTGxHEgn6q6/C8FfL95LtvNmGg+H9a1ExuCwkZHbJOpGYm3Zsbbwb8vA01HLhlVREQrbncDVzfTtHUefypkph7aNrcb176q3RjPzKh16Ae64nxhO4pFmKl0S+mRs7vcMbXUbwARe3dVMmzVEpRY1AU6Eo24qSrLbQDnvsL6i1XWzZIr5BftEgg7tbaHMbG44EH86Xj8TEGR7G4ujZcoy201DaDew1A3G3Csabjvdh7jBE8fzpor7euSe62CRA8fz/SymJxGVgChXiD8dDWr2YzTFbS4hQbgsDCtjbNYAISfPSxvVT/w8qs7tZgSAAVUKoW4yrxF9LCrzYGJzPEQsp7TtfKLWK2FyWOUbxz7tb1zb/duYTOk6+C6NzU2qYGz3m4OMTHCVH2rDlkiU5nCyuCWzFyCm9cq3Li9xYbwKgS7ImWPrAgiSMK+WXKx7MckTLkXSzCRmOY3uTpW2w84SWS/Ei3PcN1QdqsHjmF17SPaxvob24b9PhXctGl9rTfrLR8lx6d7Hcxg/UnTTiVi9kmObFyI7SSCPKyuxsG6wZ3y2ACdo37FjuqJt+cq0iI6iIMxCg6AFQWJN/azZt/dUGXA45R2Y29kAHTjv49wqnfoTLIDNIsnWG5bVLabt+u4DjVjrq3a3ZLh6hDTruftCflhb7Y8qJDG7gstlFgRoCN+vC+niakEwzSLlhERUFs4kbNkIuTeMZSSbCzXG6s/s/akUVg8cTNGqWzWJcWUlScpNtN2uutr1KxXSeaRRfKFNyAgsANRpr3VqGzcXS1uTOSRHoCZ+q5JvLajSO22XZyec4W36HqqiTKSxv2iSSb66d3gK0dxyrkuxOksmFjZI0QliTma9hf9kfWo8/SnF585xDKeQICfwbjXUo0HMYGngtAdpUmANEkrsVl5VLwQFjbn+QrFdC+k7YvNHIBnVc2ZR2WFwDfgGuR4/CtrgxofH8hUldClUbUbtNUiiiioViKKKKIiiiiiKPjj2D8PnUKOTcPCpm0f8Nvh8xULDruPcKgolznsnwb5Gom0NU8CPzqTimAQ35G3fodwpq4YbuRNa17SdWt3026kEBZ0zDgVWOdKqcfjrMIhu3nvbl8Bbzp/bGNaNzHlAG9Wve4PEC2/zqknbQte5BB9Rf0JrzfZXZle2e59TGIiZldKWug6qRjWzoVGpIt51mtsw9U6wk3MUaqd3ZJu5G6/6Q51vOj2BzWkbd+iO/nWH6Yx5MbOL72DfxIp4+Ne07Jpfyz0Xn+36x3GwOYlUc/OoOJ51NnItVbPML2r0bhC8xRyrnCY4SxQwsmi5o3I3Mlma55aad9bfD4ZMLHGixqqsVzR5FyFt5NhofGsx0FwCS3La9ofwqt2Hdc5RWn21JeWBL75CbX4KFBt4E1wb18VIHD7yvd9hW7WtbjNQkn/AKgED5E+iwGN2u8WOmLK0apI3Vgqw0ViAwuLEEAHlatBjelf3mFlNsxtuuMw529N5qyhx85Jv1TqSbBgd1zbjb0qu6QyLkF8PDGxb20tc6G49kVZXtARJmR118l5/wDfG7t9ENGSYPETrnqqGik5hzFGYcxVK4+0Eqik5hzFGYcxRNoJVFJzDmKMw5iibQSqKTmHMUZhzFE2glUUnMOYozDmKJtBKopOYcxSkGYhQdSQB8dKJIK7Z0aw/V4SBf8Ay0J8SMx9TVgRUJMYAAAugAA15aUHH/s+ta69a0QAFKaomJ2Xh5TeSGNjzKKT52vXh2h+z615977vWgJGQpIB1UCfods99+GX4Fx6A1Xn7NNmn/KP8cn/AFVoBi+71pQxvd61YatQ6k+qxFNo0AWUl+y7AncGHxb601//ACzCcz6/WtgccOXrXgxw931qN6/mfVTsN5LJD7M8MN1vK/zpS/Z/h15D/Qv0rWffxy9aScX3etYl7jqVOyFn9n9Fo4JBJGwJGhUrYMOKm39aVYbZhMzLljsAtraDiDwqf97/AGfWkDH93rVNSmHgg8eSsp1CwghZ6bYE8sgZwmXtXvqdRoRdd+gqZhOi0KC3VBuRY6juBHDfVx98HL1r3793etQ2i1rAwTA6rJ9ZziSeMeGBCq/7Nxf8lfNvrXq9F4r3yL5sfQmrRcaOXrQ2Nt+j61G4Zy9z91jtn8AVY/RiMsGNtLab10uB2TpuJp7GdHY5QoexCaKAALDkLDd3VMGP/Z9aV9+HL1rPYaREYUitUBBDjhVadEcKP0L/ABb61aR4JVAAJAGg1oOMHL1pP339n1qDRYdWj0CPrVH/ANnE+JKRLstWbMGINrcLePjUaPo9GrZgSGPG5+tTlxIPD1p3rata4gQNFQabSZIUFthg69Y48CfzpiTo0jXBkkIN7jObWO/Spz4236PrSPxQe76/9qrNNh1aPQKwEgyCfUqqXoLgeMVzxOZtbaDcagno3hirYe2UozGOx7WVtdCfaFydNbVoztUe760ieaOT2oweWuo+NYV6Lnthrtk8CFhu6ehaCFlcL0KhXtSOzgcDZB/qI+oHdVlBhMNF/hxj/wBuMk/xAa+dXCyoLdgm27M17edL/EB7vr/2rmu7MqVs3FVx6DA+6zpinSxTYB7pjZZ7VwjqLb2AF/WtBgtx8fyFU334e761abLmDKSPe/IV0LW1p21Pd09NcmVLnFxkqbRRRWwsUUUUURFFFFERXlq9ooi8tRavaKIklByFedWOQ8qXRREkKOVJMSneB5CnKKIm+pX3R5CjqV90eQpyikImxEo3AeVe9WOQ8qXRRE31a8h5CveqX3R5Cl0UUym+qX3R5Cjql90eQpyiiiU31S+6PIUdUvujyFOUUSU31S+6PIUdUvujyFOUUSU31S+6PIUdUvujyFOUUSU31S+6PIUdUvujyFOUUSU31S+6PIV71S+6PIUuiiJOUcqMo5UqiiJOUcqMo5UqiiJOUcqMo5UqiiJOUcqMo5UqiiJOUcqMo5UqiiJOUcqMo5UqiiJOUcqMo5UqiiJOUcqMo5UqiiJOUcqMo5UqiiJOUcqMo5UqiiJOUcq9tXtFEXmUV5lHKlUURJyjkKMo5UqiiJOUcqMo5UqiiJOUcq9Ar2iiIooooiKKKKIv/9k=",PCAT009
CAT060,Furnishing,https://encrypted-tbn0.gstatic.com/images?q=tbn:ANd9GcQccl5z45QAsMDXaAoO3psQO0LuoBCqMllCpA&usqp=CAU,PCAT009
CAT061,Stationery,https://encrypted-tbn0.gstatic.com/images?q=tbn:ANd9GcRL4y3oxcZjmDoaLEevHmkdAJlMa49a0ZkuPg&usqp=CAU,PCAT009
CAT062,Home Appliances,https://encrypted-tbn0.gstatic.com/images?q=tbn:ANd9GcTJl5GCL7aWWnpwkD1PMXPqbjREkHfWVw90Rg&usqp=CAU,PCAT009
CAT063,"Toys, Games & Fitness",https://encrypted-tbn0.gstatic.com/images?q=tbn:ANd9GcR5QzInS-ShPsZpHOeGy-OWKqo8pXDnoScMcw&usqp=CAU,PCAT009
CAT064,Kitchenware,"data:image/jpeg;base64,/9j/4AAQSkZJRgABAQAAAQABAAD/2wCEAAoGBxQUExYTExMYFhYZFhgWGBoZGBgZGRkYFhkZGhgaGhYaHysiGhwoHxkZJDQjKCwuMTExGiE3PDcwOyswMS4BCwsLDw4PHRERHTAoIikyMDAwMzA2MDIxOzA5MDIwMDIwMjIwMDAwMjIwMDAwMDAwMDAwMDAwMDAwMDAwMDAwMP/AABEIAKMBNgMBIgACEQEDEQH/xAAbAAABBQEBAAAAAAAAAAAAAAAFAAIDBAYBB//EAEcQAAIBAgQCCAIHBQcCBQUAAAECEQADBBIhMQVBBhMiMlFhcYGRoRQjQlKxwdEHYoKi8BUzcpKy4eLC0kNTY5PxFnOjs8P/xAAaAQACAwEBAAAAAAAAAAAAAAABAgMEBQAG/8QALxEAAgIBBAAEBQQBBQAAAAAAAAECEQMEEiExQVFhcQUTIjKhFIGR8LEjUsHR4f/aAAwDAQACEQMRAD8ABWRVu2Kr2hVxBXn5M9IiS2KsIKhtirFsUjJESqKmQVElTpSjEiCpUFRpUqVwpItSKKatSLRAPVakAriinAUwpwLTop2WosZf6tGc/ZUneBoOZ5CuS8BWxxFICorF/MXGkowUxtOVW/BhUwpZKnQ0XasYRTYp7Uw0BhhFcinGuUgRsV2u0qVjEZppFOauV1HWcArsV0UqA1jYrhFPrkVwCMim1HZSGzaRcUOI+OvnDr8qmIp5xcZUxYTUo2hlIiumkaQcYRTCKea4a4YiIprVIaYa44iIpjCpWFRMKZAZGRSrtKmABbQq2gqtZFW0qVkKRNbFTIKhSp0pWOiVRUyCokqVDQCTAVIlRKakQ0RSZKlt1CpqVTXALANPWolNPDUwrJM1QY21ntuv3lYfEEU/NSAmR5U0e0JL7WD+A8IfDWRZuEFwzliCSCSxIMnXbLRAmrHFBF1x+8aqk0Mv3P3Z2L7F7IRNNNImoy1Rkh00qbNKaVjDqVNmlNKwnGFcFOam1wRE0gaZNdBrjh1KuA12a5HMH8NHYsHxsqT/AO1hauGq3D+6i/cXL/LaUf8A6zU14mIXvEhV/wATkKs+UkVPnW7JS9Cvp3tx2/U5NI0y2gBYKSVlcs7gdWhA9pp5qGcdsnEnhLdFS8zhpprpNNJpCRDTTTTiaaa4IxqYwp5pjUwGRkUqTUqYAHs1btiqlk1btmpWRIkFZ7gOOuNfVWcsfresB2GUgJA2XTw8da0SmqOEtDrwR927Ps6gVPhrZK14EGe98a8wyhqZTVdTT81VS0ThqerVXDU5XogLatUitVdGp4NcKWg9dz1XDUs1FALIuVYwHauKviY+IIob1tNxV9gjFDDBSVPgwEqfjFSQdSTEyK4NegT4hjFuXGuIZVoZSNiCBrVcvQjo8rJhrSv3oJOuxLEx7THtV43KGX7n7sGJfQvZFgvTc9VbmLQDMWUCSJJG43E+PlVB+keHBgsw21ysRrqNR6UihJ9Jj74rtoMZqjOJXNlzDNE5Z1jxjwqngeKJeJWzLkDkPhIaNJqPF8U6iFvoVYyfAGD+kUywTq2mI88LpNBJboOoII8qdnobgsYbql7VtmWZYhSfAHUeQ86a3FrY3JH8LfpQlhmn0NHLB+KCZeml6F2OLW7hhGJM6jK3n5eNTjEgmARI3HP4VHKEo9okjKMumW89LPVXrqctykJKLQNIvQPF8eZGyrZdgADmEQVJ74iSVgNAiTG0a1XxnTTDJ9slsubKEOYeAIMAHymrC02R1SKz1GNXbDeFfU+i/i5/OferNhh1izoFW45PgMvVhvY3VPtWMsdPcPJ7FwCFAlV2XTSGM6H5UcwHFrV62XttIdhaBIKnYvdWGAmQEGnP0qx8mccm+S4RW+bCWPZF8vj+WXrV2VLtpmLOfLMSY9hA9qfmqNGBJJMKozt7d0fItHPqyOdMs6KNI5keBOpHtMVVnDjc+2y3jlzsXSRKTTSa5NcJqEnOk1w0pppNKMcNRmnmmGmOGtSpGlRFAVlqku41LYl2CjzNV7bQKxuLY4i+0tCyY5wB4Ca0MGD5jd9GfqNR8pKu2ajF9MbKSElzy0hfjVFOmS5gerMg7zyPeB9d+WtDbfDbKjVXY/vNl+S/rTuptD/wbfuXP/8AQVoR0+OCaS7M2epyTabfRpcL00sMYYOvtI+NGMHxG3dGa24YeX+9YVbWHOjWCD427uX+Vy0/Gp+GA4a+WU57RWQS6KWVlDCVJ7w2McxVfLo4Vceyzi1s9yU+UbrrKT4mBOp8gCT8BWbHSlDyYaxsD+LCjeAvW2tC4b6jP2O1CsGzCIENA2kns+YqtHTTvlFuWrhXDLdjHEmDauAeJ6v8A5Pyq+GoNwridoXepcXLzl8igG2gBABJzKSCNRrTekN7EWr1y2rFCilypS24yrBgPnBML8Y5bUXppV4CLVxvxDoekGJIA1JMADmay3DeP3XcLKkZlQyN2IksIiFjl860V3EdWgyn6y5MHmtvUEj95iCPIA+NRrBJSpkj1Edm5E17FJbOUjrH5iewp8Cw1Y+QgeZ2qSy2Jduy2VI0VFyGfVTrz5f73+jfR1WHW3SEQbkkD2k6DlrWuuXrGHstdJVLarmLDWRy13Ynl4zWhjwpLgy8meUnzyZBMPiwNGcf4pcEeEEiu3+rOl0Labk0pbn+AkBvaPWs9036YYm6cis2HtkT1YMXMp2N1hsT9wGNdZqhwLo1cdReKaHUPduLbUg+AfvDzFPLDGXD5FjllHlcBvGfVnXtDkyqzLHjmAhR6xWI4ljw2ZMxJ+kuVIIgIV7S5ge0pJDbRPrppcf0jt4a71VwLIAOe1ct3F+OQ/CRVxlw2MWXAJ5XF0ddwCwMmN9ZYabDekx4I47rxHyZ5TSvwMt+z2wpxK9daa6swVALMZ10G5jQxVbp1fQY1hatPZtCyxFskhgQhMsJ0OntIohYwGN4fjAthyi3QBmQJ2lBnd511BiY10kQSv2jX77un0gO5VWyM2Q5gYLAZFEbDf41PdcED5dmy/Z1wuy3Cmu3LYa5lcsxkksFBmZ8TVK9grAtZjZSQDrlXSAfHfx9qG9GcPfGCDpiQo52wesYA+K5ez4GgfHMZi0JBxJdIaIUKCY0B7IInbyqDJFykkuCbG9qdhTgVkKDCwFgSAB2jvtvsfnRJrtZvgPGJHVSXZmDZi8kkCIIOiiSYAPKY1ot14IBkARMnkDtP9a1Q1OOTldGrpZxUast9bTxeABZj2VEnzHgKqXFYASpnn5TsComD7/nATpDiM/V2QYFxhn3HY3bbyUj+IVHhwOU1FjZs8Y424mvxHHcOLlq5cV2e3a1tjL1ZcggM4IAlFJjVhoeagjzbiOKw9y+75Z12zMyqB93bKu5g7TV++rX7lxEY5WbIJ0gN32/ykL6p51p8HwzD2kyrh83ZkSV72hQqDy85B1kzWwuDFkrMKWw79n6tANSSzCR4DLm118NgafxkzYtpYY3Ldu5AK/ZIXVyAZXO7OwJjkOVNuYW1mYNbIOY5hJBBJmIiBv4VJhOBsHDxcW3mAynNba6T3UVo1kzLDuqGPgDJwR0aThXFhbs4ezfuHrb3bObcpvaVj59kyd9RzNaDrK8r6Q476RfuXZ2YgAbdWpIUr4ADl7+NbfovxQ3rCsxl17D+ZWIPuCD6zWdrcHCmjT0GblwfuHc1cmoM9Oz1mUapNNKahDU4GhQUOJptKkTQo6zjUq4xpUQGZxVzLbY+Ck/AVmOjqdl39F/M8/IUetYtbyMiyGIKlSIYEiNvU0G6NsOrcfvg/EevkeXvW5pIuMWn3Zg6ySlJNdUWXbz/r/NUTa8z8f+VWn/AMXz/wCdREf1/RNWymiBRB3/AB/WrmIxNsrZa7ZLstzqlZX6swMroGBQhxLN4GBvrpDlPh8v+NPu4dmFtFBJN/NtyVVBjQSZYeNKxgYq6fxt8qYFgOrJmZmWSGYNkmcoWCupAgny0rRdJ+j/AFDEWg+VGJcXHQ3ASFzHKoEqDoYBiDNBsWroTm1DJacEmMtvvKoEbkyPX1oRfIZLgJdB2P0jDaadY2Xnpp8pBrTdLuID6fiSRI6q4pAj7SBefrNZzoQCb+Fn7zfCRA86t9NCTi75GvWLcCgak9trYEDckodKinyySHRds8Py3rmVMrHq2QMZC54VIytLHeJI2GhmBpuF4FwysTbEyAisx1jLoW706kep0kCM7grdrDuWvnM5Fr6lCAVNsKfrbmoUyD2VBMblTR3hdwXgStpbIAhSoYkTrILlpM+2p8arahyUbQW+KQc4rxhVS2rKXtoe3aBC5mUksxfmBPcGp+Es6Q8Z65raokKgzLbO3WDTM4H2Eke4byjOcR4ZfuEXDea6CxIKplJzHKSrCQR56aTvUR6RvbtBbljIWVLYuGTKgsbhzaRJC6ebGd6TFma9SJJu+APx651jsFMhWMsdTcc6M5PhOgG0RtMAdatKo1kk7z+m1ek/stw9hmabZe52gDlBVFG5adAxOgIGw5TrS6Q9CWtveumyOqDyrBwcqEncEzzUbcqvxlcbQE03yYtLNtvsjyjQj0I1HtU/CPqLgFu4crGSja5fFrZ8dpGkgfagRL9MwwMNaNuCdUZmZgPJjlBJ08gTVbC3U6xXbSNRG9CV0SJI2d+wuKwj2SNkZ7WmogwyifBoj/FPIRgb5TqR1aRcS0wYgMwa5aJBIMRy2861OI4z1A6sHq+ye1lkhmWCqiRpHPcEehqhZ4kqnOpVSx6sZgsseRPlAAHtMVA8tJcCTdOkGeg/BbD8NuXnJZ9DyGpMbADwrNdJuERc+ptoEFjrHZkVohmU9pgSCTAEGpeGdJL1gGxaAuozQbfeLEH7LrrM+o9aJdJ8WGsIluDmthzBEtl1VAdu887/AGdJppS+qNeJNj+qEvQyg/ugyr3SxnkVZ2EDnIgHyFWcNauXrquCxEKQAO6QYcabSxDehHhUXDsnVlVOZZYT46mfzrnBuKXMIt5QmYOp30kDvFDtOWZ/wwaEZNylHyZLOKUYy80aRsQVMEa5zPPsk8/8w/yDxoZiMMzNdvxIS0FXXdrjdoDwMAR5keNM4letutk2XaSHZ2DsYkKFUCYGVTMD7o5nQ1w1y+HVGVWm92lA/vCqg27fjObKxYagWnIk5ZMMe2W6+xZ5d0NtDej3CEW2pcnOyM7GYVEfXO3MFu0wHIQYMihvFelBF+La5wx7mgJVjmN1zGjMTIX7up3WO9NuO9WgsJ2ncy7GMruGjYaG2pGijskxuqAHL4HDs7NdnNLmc2btAHYsCDr4gz51YS8Ss34BfjyjE5S6qhUaFe00fdLEgEc4j05yK+hXrDC7bcsFIJPMQRGZWkRsJ1FHbWMtKoDYFTHMX7g/1Bj8TXbvFMPE/Q7gMEdm/A130KHShuoO2+bMvi7ik50QJJ1WSQp8NdSp138x6negdyHu2+UIw+f5ED2odjhhiJy3rWYEQDbujQjx6s7gGrnAsKyq74e/buM2RAD2H7xJGS4NTBHdzUmaO/G4+Y+CW3IpeRsgfD09zTwpmNJ8Myz8JrK2+kmS51d9LqEGHC5HJjcasoiRXcZx7DG7KJcROZ6q2G+VzX1ms9aKVcmk9bG+OjVU8GslhOkC5gqdaQWgMbaqvv2zWgwOJLICwyk5tJnYkTp6T71Xy4JY+yxi1OPI6T5L2akWqsLpzEcop+aoGiaGRSTa86JCaVRF67XDmT4hh8pF5B203j7S/rQ7hmGdbzhbblLgzJCMde8o05jMV9aVnHo09YLkueTKQoBiACBA08auYDh9y85dLpOogXMzFcmgCkEwAAPYCt3FcFtbMHMo5HcUW7XD2bslwjSRluZ0II3BnQHbSZpYngl9Q5KhlSJZXQiCJEAvJ9h41Xv8Im4UZ1zxqACBCLE6gACF9Ktjo87WkAvJkL5AADo865maNi0baQfWneRLxIvkvyBQiY0HnH/EzV/o3i2GLw7IgIW4mXNoWuM+pAAmNhqB3BVJeERcdMzSuHN+Rp9mQu3nvUvRVC9+yQO1o3PcG4T8ciiucuDlj5Cf7Qrl5WhsuVGukkEEl7ly8rkkmT3iNBAkVm8R9bN1iwWzbsWyFO5IIHw/Wt9b4eGxOOvjTqM9kZghVjduEIFUjcN9qdByrF8VwpsO2FOqteU3CO0yhHOkKNRqx5U0KsSfRN0JxAS/hyx0Rix9Asn4QfhRK5iCMl9SPpF20Cn/AKSOzO7jwdmdgDyAJ51n+EcOuRJDKJZJIAEOIIY5pQwTyNabH2r9tgyJhFXRFJyXLmVIVQQ+YgQBoFAHnvSyqwx65CvQrowLpL3WConad2IgAanU6eJrXcQx2BIt4e1etquYtceSNAMulyIJ7RIjTShfR3AY02luK9hQdeyRbM6SSmVVPuDUn9v4W+BavEWruZSHtK05lMg6LBXQ9kyI9jUcoXGjpc9FziHEMHbsmxh7jMwVZdUe4VVSO0CFgaDQjnBmswcRavq+GdwSJZHBBzsIzgaaNJVojdtBBFFOkeMF5EKJCklbt2yV6slBmQkDme0MphlzeGhxPF8UFNl0JAJQk6yGKqLjKfvTz8x4VDPAn1x5USafI8crfK6aNZ+zvi6YJryXQSO1LHdWAlRpsrhQQfHTSNZL/G7uJVrj3WiQMqtCSdcuQHaAZ3896y/R7irXL7SoJ6tZzhXDA8iMo005k8vCiHTXjhVbamwgGZQSsKYPIFVkD0NdPDlnFK6ryLuLPpoN7o98ey9Pcm4T0cs4nGIGKqmpuJqM2UEgKJ01EHyBrT9LuDYazaW5bw6HIyQqhULHMAqFgNmYrMzzrzXo5xgNiUW3aCsbhAfOWKiNYUiDzOvIxW36Q37qi6nWEgLJEKAw0JlQIPjTNTxwSfPqRzeLLlbgqXkBeIN1STci5fYZnPeGeSxCiNAJj+EVlbuGe7EzcI00jqgAdl1ggTvPtFFeM3BmydYzOrI2rE5ggYMuuxlvl5CmYIph1K3Abp0+rUKzsSAYKrOWA8GTJ5ADUnDBpbm7bIdROM6jFUl/eTQ9DuEWhhbl8LbN5GXX7dtCr93TskpmOneka+GX6YEW7Vq2SJCIpWTIhRuP99Zo50Y611e2logu6tltqrMoAaexOmpG/ifejx3gVy+1oOoTKzda0hQVBXMo554DRmjWR4Cnkk5xBhnsjJLxVGe4O0Wl9/8AUaiv8QuW3dFb6t8rMjAMh0AmDsdNxB0FGMEqsp6vCoVVmUdu6D2SRrL78+W9UOl3CTbNu6i5UdU0LSVdlzFJMZgJOvpXQS+Yx8j/ANJIbZxNoG2Vs5WglslyFMA7IR2Zjxk6HwqxiOlbhQLdpUIk94nvROiZd4WZnur4Cg/0bEZQcjlBzUZgJ13WYrU4fopauCU+tQjR1ugNP7ytC/D5U+XJHHTkR4MMstpUY3F4l7rZmYs4Mbch3YUCABroBzozwYXMpUWm7xYGIEN6xWqwfR21b7LW9YBIXViPGdlHmZ25xVlr67W0VOUKMzH/ABO4mfNQtV561V9KNDH8KT7d+3X8sAstyNbcfxJ+tDLli8SQqM/PMLiBY8DyB9/ath9EI1NtTPM9o/zVJPkvyqv+vlF/aWF8Gi1al/yZb/6fNxUF2/btkSY7598nZA0Gs+1XMJwsJhHtA5iysSwGheOzHpCx6UeL+nxFNd5EEAiop66cqVeJNj+ExjbT5qjy21cIOu/nvVi7cnlNbnF8It3Qcyz/AF8vWq2G6KoRBsfx9a6/Ik1eWvx1cuP4M/N8Iyw6kmgFwHFszhLblI7yOc6FRvlnUHyrVYIZRMyva2kQftQDy0ofc6P2LJa4AWNuHEOSpiDvzIP41y7jQxYu7WVD5T2ZBMTDCNP9vWosso5uYdFGCWGT3drwCWNR3CZLkBgJgNIMmZK85U8wPiKs5IMyc0RJJP8ALMfhQTCY4F3U3AROhnQTupOka8uU0WD8qrZYuPBZ0mWMpbX32Sho5k+v6UqhL0qgo1FSMWMA4YDLOp5jYsT+FaPotYuow+qcavJKkCJ0MnTaKSYBirMxARYLEidzGwEnU+nmKuYDB5TlXrWblBKT55Fkx/FWjLO0uTOhprfA/pHh7a31uLdQMOea2WzeOVpKjziRUuJ47hzYAvXbd3taooMwQe0dNWnnJEaQdBTMVwqyWm9aJfnndp/man4bhVlEAe2pt5isGAXMZpJC5QIkbaxtoTSR1EJN3ZYyaaUYqknfqDMNxXCnO+a6jPZWwc2W7CEDRVGU9kACdRV3odhMPYvC6uIW8MwIX+7aAwn+8gTy351by4F5W3hUBgHsuW0MHVcuxkfGuWMJZV1cIUZSCCGaJBnXK3iPlXS1cYuqYi0M5R7RZxVgs2Jusz21uguAqMwLLcVklklZguZnwGprJ8H4Yb64gFjlVmLXSG7ZJMZsxnU9WBP3zvBrQvwG2L110cfWq5tmTmD511XWRopO8iSOdZXCcZxJV7T3rj9pO+xYQrNpJkk5lmP3dKuY5qcbiZ2TG4TUZljguCuO6pbugsdArIAsiRoATG1bfi2CW0Wv4hbqp5ZmEbCcuv8A8+GlZfonh3S/aZ1IBYAGOyScxMNtPl51vP2lMfobAeA/1LQu+zppJ8APgeN+k3x9HvXSyxAUWxlVRoAzgRoKIYTjtxLbq1u3ctrnYC6qKVUNB7XaGkr4UE/Y6sYlz6/6Ln6U/iN2LV4eNjEH/wDJbFc3XQEk0ynxnil+2rtYexbsG4pdLMyWBgdYGMkfdKGASNiBVKziGuWevaAzHEOQqoq9hXygADQSKzq4tkzOjETcuf8ATy960fBsZbexN5TBNxSbQhl7FySLZ7LEqNoAkzTsRBLB8MVCmJtEMlxMrwMuW6jNKxyBUqR6nbah3T9wwtQdc6cjoZFHrCvaymywvWQmV0HZbITI6y2do3DzAJOpmgnTHBZ0S9YJe2HQkbskEEhvTXXy9YbHLjkWceeAB0VbLikP/qkctmBX869L4+4zt4xPh4Aetef9EeG57yM7i2gvCXbae3IGok7fEVuekb5nbXbLlO/KYPx+VUfiMvoSXmjQ+GQUsrvyAXDeCXXxHWo6rbQklmQOSzbgKdJ2ObfRd6sY7ou9oXHtXOsZxLBlUZh9zsZQq6DsxG3KaP8ADka3hg25aXgecFR/p/oVBhLzlgrsGUjXLplYiQsbxEwecVl/rc+7h8L8lqeHDu2tdt9GERFZkKXLiPAGi5WH3tVc9qftaHU0bwXD8ReXK93MDBLG6xcEHTKbYDg7d/PyrnHsJbs4kMFGV1JjkHkSf5h860nC0u/RnuJISEEhoPfKKY59oRI21rWw53la44qytqdLDFDcm/IyWd8OxGRWBbvXGyAk7mJUk6STBPrVq/aZiXBsXTpotw5RAgQHUAAAADwis10guYhAFuXLkZiyDrGKwRusGI31HnWy/ZXcy2Lz31z5i2TrBMFVRiQzT3s3L7pOsGLMsfjZVxTvigQ1sGbgtWrV6RDBg431GZNRO06xNMvJLS6hyc90sylCqLmYAXAwMs2VYiCJ0oji8UsuSRDDbTaDyH5UI4hxwFertWxJAD3GaZQSFAHLmfc1ThllPiujTyaSONbuf76BDgXFusDL9uZbXc7bbbAD0ArS4TQV53wRHW8SEcqTuFJGuu8Vr+I4m8LWayII1aVlgoGpUHQms7V4LypRfZoQyXg3NdeQduZSNhUH0dD9hP8AKv6VicP0kvlwlu6LpOiqUIn+QR8Y861trFHKpeFaBmAMgGNQDzqvqNLkw1b78mJpssc17U/3LP0dFOiKPRRTbir90fAVA+MHjVLFcYRdzUEYZJPiy5HG+2XbjwKzfEMVNwqGXsiWViSYgbAHz8OdQcR6Ts0raXYSSeQmJ+Y9yKz9zjF06k20PjlBc+uh8K19Jopr6pGdr9TCMdifPoa6ygdJfRZErEk9oEazGhAIFCOJcNu6JCkEkkgiNTqzDcAjy5+NCsFxIqwLPcbWRsg+Jn8KJ47iwKBiWUt3MryzxoWOVFhQZGYk6ggAwYvxwTi+GjAyzUukTWU3XqxsBmzRAAEQDvB+PxqyFJCBoaFAkiTMk7nlrpuaDcMxlpDmKuzeLqjga/vCT6SPWi+Px9lkDJdCkiR9URzg6qd5B3H5UJ6eT6Y2GcYfdZOz0qzl7jN0Me4/mJB9TSqD9JP0Ly1cPU2nDhvmiZMGANSCJ2gOAT5gnSKMcFui0dS2UhxKkIwzx2sygyRGmn2j40CLldwZHZ03geY1qbC45Qe+QfVZ/mBNUHKaladfk1vlwnCqu17BnpAUvlWDW0KjL2VfUciRkgGqN22uVVLZspOkQvKIHLb8Ke3FzHeY/wAQ/IVQv4083P8AL/20Jtyd3+A4seyO1rheqCDcGi2cRKw3ZgbnUHuxtKg0LfEMhzW+8NmJ2IMgmPAmagfig20PmB2v8yiRQnivEWuFUtKxckBRrmLE6b61PjxuTVWRTmsae6ifiuNQFLjvLoxZQIJJzqyAEd6CDrrMxpvQ7jWCIsvfLZRccOLbLlYTpAGY9nUmSBt516DwjA3LxUm5bTDjsI5HavXI3twQRb70QZJBOoiq3HOE2ktXTdtq7W2DZjbXtpCkGCILEB1MR3Z31qzDUKDUf8cmVlnHJfF+X/ZhuhnE7gvLaFx1V+yQDK7H7DSp+Fb7pTh71uwF64vbYquV1GZdQRBB2058thWb4F0ctYe+124exmHVlDJRDH1hDDcAn0g71ueJcMU24QKsvBYQAFYaOARlJmdI1286kyamN/TyiGeHJFJyVX0ZT9m2LSxij1lxAryFadM2VoUnZT2tjB8qEdIeJwrKDvaZPd7wn5LT8VYtYa71osdZbu2iMmoBJLBLin7GbLmCj8DABYTCnEN1fccSzlgQMiiST4EafEe1lVJKRCm1wQ4DCG5bAB/8R591t/71oF6LsbWl8oSBIYSHhSq6DUHKSJ10q90a4Epy2rRNy6/aylgjCNO6T2ZAPeM6ba1Z486YcZTZPWK5S7BNw9wkiGOQrsTAGh0O9dubfA23zIOG8Tw9hkttcQXEULcLG60nXtJdAYKde6V5d6i3EL+DuNCXFkgE5esLRK/3nYEpsZ30G9U+HGxCvcwFu4jrmHYs23M7MIZYG+51JEHka95cOtwi9bu4UkFbZYMo3ELJOUCP3qVuhow3FLjOPewbtlMOCrlWUsQ2SHzkowjVj9qBIjShl3i2LukkQk97KC0RoNDIXwk6+Joxg7zO5slRcCnMrEHVIOYDmQGIJUGey0amDdw2CCqHv3rdpASFL23uKzAAuMtplygSOYG2h1oSblSaT9yTHtxty3Ne3Ze6IcZY2RbupnZAFDgqVbkJKt2W2H9RVjE8XILqLD6GCZUgkeBjT0+ZoFw7pGAzW7a5hmJU21YAyIzL1hDWwZiDOhNOx3SHqiezcRz9hnHVQOYGhn3PrWe9I1KTjFW349fsWlqMdq2696f7lbpHhb18LeQurKXQoxXQKA2cMIBEHUnaB7w8I6RYrDp1WS7cy6qUvQEPPQIxgmDoeVF7XEb5NvEJh7psqc393mt3JyzMELllRG/PeYpuP4uce4uPFtETKFSwsFhrLOzSRoBpMamr2JqMUmqf4KuV72+2vfkynEuJvctqj2ALKksoUvoWMsTcMnWdtB5eJbhXF77reu22S0gyrcLB2ktIEqIHLeNzUuOQ220ciAC2fNmzZT9W0HtySpEklQG1iJIcCa2oe4GtpmENbjv+BIOmvvvrtQz5HGPVs7T1GffANw/A3uHPcvI6nYII15SSNB6UXw3CrNswEXN47n1DbEelTWxYUlxba2YykKSV12lZIn2qVMKGE22PowI/EVlZdQ2qdr8f4PQ6dxcb/wDfyWLaJpUhtf0dqpLh7g/qf6965cuuNwPYj8AaqfLcuYsncVdJkWG4BZttnS3lYCO8dj6mrosAcqrW8WeZj2b8hTbmIYnQE+it+lNOOWfMnZ0MOziNIlxeDtFRvPONPmKz2J4HbzkM7xIiCp1ImDI0oxLnTUexqO7hiNSNtalxTlj4sk2RqpOzPng9vLdFq6HZkKhHGR8wdG3n9w8hqazdpkY94KfBtI8s1ae50lUD6mysn7bxmPnpr86xOI77TvmP41uabfJNT/bq/wAHl9bLGpJwd+fkaXBcDa73GB8IK+25FXbnRG4oBa3daJn6ogHXxDGOdZLDkgyCQfEGD8RVteKX12vXPdmP4mrCVFGTLNzh5UlTau79knTTzldfaitjgF24ZW2EUjRSXJG0nRYJ38tdqAtx7ETPXN8F/SpF6S4rbr2+C/8AbR2ibgvi+j11T2l05EqR+IpUI/tG82rXnP8AE34AxSpdqHs3eLsBNF23FNtPpRTjvaho20P40JtrXnp9s9TppJwSHsF+6PgKhukAbAewqVqq4xZFCHZPKkgfxTioUQNeQ1A38zsPWudBeIqt1mKywh4GrtbAdbir5glHgbhDQ/jGGbLoNc0+1Mt3Qro6hZUGIycxB1torrue8h9edbGLDGWJpds89rss99Po9gw99UtC2FIW3pa0MgAdiV7wAnLrrCmd9QrlsVJ7l0llSWOQWge0SohiSQRqOQiN6y+N6W9ae0cQo0BazkYMIAOxZQdNwfalc6XWuszi1fIhlLNq+VohVAhQAQPYRWetHnim65/v+StDJHerfAV4xhr1hmZ4e3PZZdQo+yG57QPCu8CxoOdDdIzIRbVtVRhowg+RHt70Ju9NuyVWzccEEHrGC6Hz1nSsyMdcgBTEGQQcxB1A1XTY8zU2LSZZRamqf98DYn8SwSx7Jq2vFBzjuKZLy2lbMqIcy94NmBUIFO4yBZnQAToBBG8HxFxmuXFe3aZFhTmUBTlJGUHvLlRgYmcyjnVOxeMsWMsw3aG8NSNZ8ht4zAiUcNJtu4fNCljvPnWjFKEVF9mHL6pNxXAYscaZrlsupV862w9pzacajXRSI20gHQaiBV7jVxbSuetu9pmZs0XCzFcnfczGXsxzG9BOGYVjat3yDpiLaSfA6k/EATRDpQ4a2T4E/lS8XwTc1bCXQ7pDh1YW+od7hbQzbVBmyjZlcz5j2incd4xGJZDbXq26pruYs5ZS4BHaMbA6xvWa6JsBirc7Sv4rWn41w0m7fumMosLA+0WDsB2fDc/CllJRlTDCG5Wgb0dxaXnvm7cCh0uoFysYQqSIgHIoygereBJqnY4oytduMBcUWRcyMBlbNcCwQQRlAYwpECNKA27ZCMCNYYwd+fKj93AHqr7x2DhbcHlMhiB6ZD8RUnC4Iuey/wAC4vbydcMMiSSpysOUfZKR8Iqvxvj+HuOM9kgiY+rVh83OunlVLgd8LhhP/mN+IoLxC5N4H+udOoL1It78kanhHGbV09TatxmKpsEXtExMswA9FrSXVe3aZg4XIpgKANgN3iY15RXn/Q0/Xp/9y3+Jr0O+c9t0+8ra+oFV88VFFnT5PrVoxXHXckXCDBlQ3iwhiP5hVbC424YCoWZDmBAmI5nTb1q90mvhVtWwIcKC+umYrEfNjPgRR7oXcRECLdS1c6wNcY7XECjRWPnm008aglk2Yt1WW8+KWTLJwXHHXkVrXFC3VzALEFxv2gAK0Vm5pVDjHCLVxzcsWg0GQRCqDIkg7EelRpfIlToQYI033/OsvNtypSiq80a2gwuMHCXd2GRcqRXoWMTtUqYqqMsbRbliZfYA8h8KaQPAfCqoxNdOIFLtYny2TM1CukF7LauMNwjR6xpVu5foVxu4GtlfHT51a00G8kfcGZOOKT9GYC2CPs0zE4Ut2wPUfmK0y8Nk7n8Kmbo+WG9ejWWmeVeO0ZDCKedOviKP3OjLDu1Wbg7A9oMPbT41J8xWRPGwCadbFE8TwordRCD2oPtrJB9qI4fo+v3PiTFO8iSFWNsDIQBXK2WC4YFHZCr6Lr7kb0qh+aiRYmaUY47Ffn+oqB8DYbWCrc8py/nHyqd1t8naPNaWVD9ofA1l0aibRSfhS8rr/wAjflXRwJSJN9x7L+NXPoyR3x7gR+FcIG2ce0n5a1yrwHeWfmD7vRSydWuXH/iH/SAaG8Y6Mp1ZWwgVpBnWSRyJJ860q2/349iPkKkZE2zj3BH5VJHLOL7K84qfZ5Rfwl5D9ZbPq6A/zEa/Gos3Ihf8q16wbS8nHwb9KWQbZl+DD8qs/rH5FV6VeZ5Zbw9w9y2x/wANv8wKIYbo9irm9sqPFz+W9eiFB/5gH/ufpThcy/bU+zfpQlqpPpDx00fFme4X0OVYN3teO9abDYG0q5AggiCOUGmriwPtL8CKd/aC+I/Gqkp5JdliMILpFduHoqm06HqyQeyJggggyNiCAdfCs3xTo6xBFvEWnBJ3Yq2visH8a2dviSfdn5UrvELLbp+ddDLOHQ0oxl2YPg/R8Wby3L9+2qqQYVpYxBjUAD51peLouIOa1buMYhSM1tQvgX0kek0VXH2RsnwEfnUn9r2vusPb/ejPNKXLOjCMFSM5gOiFuSbwksCCFGgB8Cdee9L+yALV2x1rMzIUGbKIBBAMADxGtaI8Ts8i3+UfrUOIuWLg7Sk+cQw9DOlcs8r5F+VHwPKrDFLQsuMrhyWU6FdtwaG4k9ua9YxXDLbjvFgNB1iK8DybvR71Tu9Ebba/U+1th/1mr8NZFlOWlkvE8/6O38l5CdsyH4MD+VeiWbwCZjoMo18TUNnoio52hzkWpPxLR8qvWujFox1ly5cjYHKE9MqwIqPJnhND48MoOzAYnht6/dJkuZksNQTy10G0aDarKpC5XgTpuCQR5ciDFejW7KKAFBURsBSWxaDZ8gzc2gT8ailmviujQ0+WWPc+2xWcGypkFwXCVynsPbGw1D6qfY0Fv9HbwuNdD5iVAywNxuSdASZOo+BrRG95mout1qtCKi214g+ZPcpXyvEy2Kuumly2w8wJHxH51WXiqfeFa+5cnePcVTu4NG3RD6ifxouEH2i7D4lkiqaTAC8UX71J+Kp40YbgtjnZtz/hH6VLb4XaXVbSD0UTHwofJx+o7+Jy/wBq/kArxEtoqsfQGrNnh7PBuLp4T/tR1bKDSAPTSnrHIydtAP0p4KMPtRUzameVVLryRTtYW2Bog/r3qYIAJCD4VMgWdRPrA+UVxwOWnkafeyptRC7PGgHtVd7LNo23xH4VYZ2+6PiaZcdgNh8SfkRXWztqBOI4EmbMLcsJiJ/Dbxq7h+FrGqx4aAmnWMY8kDKTtsR+VTubx17HuT+lM2wbY+Q0YVY/3/SlUT2Lh3Zfif0pUP3O/Y4q6U6lSqIcberpOvL4ClSrkFjrWv8AUfhTMQ0H+j+NKlRFZKldYbb/ABNKlQQTgbX2NJ9/elSrmBHV/Kn9WP6JpUqUYjy61y/yrtKiEgan4felSrvAJIi9qrCUqVIEkt1OtKlRQrJFrh5UqVcEa9MDUqVFHEfOut+dKlTIDIj+VOTQV2lTCiK6VNypUqASY7VE+4rtKj4Crsjv/wBfKmpsaVKlQzG3d666DwrlKnASug3jkKrtXKVcjjtvf2/OuUqVccf/2Q==",PCAT009
CAT065,Dining,https://encrypted-tbn0.gstatic.com/images?q=tbn:ANd9GcTeieJY3aKjztqZQ27ESmIxLvBE1uZ6O9Nduw&usqp=CAU,PCAT009
CAT066,Bags & Travel Luggage,https://encrypted-tbn0.gstatic.com/images?q=tbn:ANd9GcSKQpjV2LfCFf8eFN5RgR5Mx9h8cXQxu4cMgQ&usqp=CAU,PCAT009
PCAT001,Fruits & Vegetables,https://www.jiomart.com/images/category/219/fruits-vegetables-20200619.jpg,
PCAT002,Staples,https://www.jiomart.com/images/category/13/staples-20200629.jpg,
PCAT003,Dairy & Bakery,https://www.jiomart.com/images/category/61/dairy-bakery-20200619.jpg,
PCAT004,Beverages,https://www.jiomart.com/images/category/33/beverages-20200704.jpg,
PCAT005,Snacks & Branded Foods,https://www.jiomart.com/images/category/10/snacks-branded-foods-20200629.jpg,
PCAT006,Personal Care,https://www.jiomart.com/images/category/91/personal-care-20200704.jpg,
PCAT007,Home Care,https://www.jiomart.com/images/category/36/home-care-20200704.jpg,
PCAT008,Baby Care,https://www.jiomart.com/images/category/81/baby-care-20200619.jpg,
PCAT009,Home & Kitchen,"data:image/jpeg;base64,/9j/4AAQSkZJRgABAQAAAQABAAD/2wCEAAoHCBQVFBgVFRUZGRgYGhsYGRgYGxgaGRsYGRgaGhoZGBgbJC0kGx0qIRgaJjclKi4xNDQ0GiQ6PzozPi0zNDEBCwsLEA8QHxISHTUqIyszMzMzMzMzMzMzMzMzMzMzMzMzMzMzMzMzMzMzMzMzMzMzMzMzMzMzMzMzMzMzMzUzM//AABEIAJQBVQMBIgACEQEDEQH/xAAbAAABBQEBAAAAAAAAAAAAAAAFAAECBAYDB//EAEwQAAIBAgQDBQQHAwgJAgcAAAECEQADBBIhMQVBUQYTImFxMoGRoRRCUpKxwdEjYvAHM1NygrLS4RUWVIOToqPC0ySzJTRDc8Pi8f/EABkBAAMBAQEAAAAAAAAAAAAAAAABAgMEBf/EACcRAAICAQQBBAEFAAAAAAAAAAABAhEhAxIxUUEEEyIykRRSYXHh/9oADAMBAAIRAxEAPwD07vB1pd4Otcu7H2fxqnbwlwDUg+9z+JpDCD3BBp7Tg1UGGf8Ad/5/1qa4V+RX3Z/1oAuTSDVRbCXPI+rOPlXQYS59sD3P/ioAtzSzVV+h3P6QfB/8dQOCu/0i/df/AMlKwL2almqgcBd/pF+6/wD5Kb/R13+lH3X/APJRYBHNUXaqYwFz+kHwf/yV0GCufb/vf4qYFuRSkVWGEufb+Tf4qZsHc/pB8G/xUrAt5hUc1UG4dd5X2HkFX86i3C7/ACxLD1RD+VFgEppwaFjhmI/2o/8ADSprw2//ALS33E/SiwCM10tHxChv+j73+0N91P0pv9H3+V8+9E/SiwCL+0fWmmh64HEc73wUT8xUmwN7lf8A+QUwL804NCXwOJ5Ygf8AD/8A2rlcw2IUSbwILKsBI1dggJ12BYGPKgA1IpZhQR8JigRN9NdvBr+NcxZvl+7+kpnjMNNWXnlXnHM6+0KVhQfzCmzigp4di/8AaB9wVzfB4gZZvznbKIAGuVmkyOimmBobTCG9K4m4KCvwzE8sSw9y/pVc8OxOfJ9IObKGnKIgkiIjy386ACuLuQKEDFa6U/0e9bDd5d7yYgkbbzpyqph0JJk/KpbAGdt+M37eE/ZXGR3u27SsujDMHcweRhIn96vPMLieMX1L27uJZJKhvpDICVMHLLidelbL+UC8VXCoedy9d2jSzYEf+5XPsnbIwllZAGRW2nVyW6+dOwK38kpui5iluFpJVoZi2Z8zq7TPiaVEnnp5VrsUP/i9kdMI5/6yD86w3Al8BPVi3vJJ/OtHw+64vLezFnVDbDOS3gZgxXU7SAetYPVSeToWg3G0wz2a14piff8Agop+Lf8AyR877f3rlWezmBZcVcxBIbvJlQIKkxtJMjSqfHQyYbIwIYXmeInwnOQZGkajnWynFxwzBwknTRkGRrjW8NZlb99gXfpbOwUjYCGJ8kr2LB4cWra2wxIRQuZ2LMYG7E7k1jOx/DlLDEDV1thFjWJZiT+XvNaty55H4URQNl9WHUVWxSEmQJ9Kq+MaQfhUhdcaflVEjZD0PwpU/wBJbqPhSoAelTxSoGOK6Ka5ipzQA+anDVGaeaAHmkrU1RWgDrmps9RmlNAE81LNUJp5oAlmp81QmlNAE81ItoahNKdDQA4apZqgKVAE81LNUKegCYNPNRFPQIZjpVHGXB3b+RUj+sGBUe8gCrjmqPEFt90RcjK0zPMqrOPmoPupN0ho5PcLurciDlj7P1T7xr76EjCg47DXC8kLd8A+oMhWT6k/KjmMX9qkbZY08tKzTY5UxIuDYWmX+0LrIR8ZrCbpps2grTSNm7iqF+8M1ryuf/iuVwt4K7c1uXCin6i+17zy/jamu8Bw53SSDMln39x861tvhGdJeQq76VTzzeH/ANoz5eMZfj4vgaDjBBG/Z3Ht/wBolPerb1cwGMDNLgZ4yd4s5SASQCDtJMjrPLSjfWGGy1aH4odDQnB0Z4ghINBrQy702SYr+U2/FxF+xhLz/wDFuLa/7aLcKTJbRPsW7Y+CCsz/ACkYhTibqk+zhsOn9lrvetH3hWnS8pR3VgVyyCNQRkkRRLwCAPZvW0p6qp+KitJgF8VZzs0v7FP6q/3RWlwA8VcGp9menpr4mx4MulDu03smivCNqF9pfZNaP6mUX8wf/J57d7+qv941tmNYbsHcC3L0mPCv941o+J8ZS2swzGdlGsdfP0GtdOk/gjm1vuwu9wCJMSYHrBP5Gq2LcSNd/npyrBdpu2qFMqDwOUyXAdUe3dUujqfZ8GvXRhGmjcO7XviLt5rduURZLu4RV0bLbXwsWIABIA1ZmkgBQa3oxNqaVZPgXaVn7wXRJVtGUDnMgiBER8/KnqPej2BsdaWtSFPWoyJmJqS0z7Gkh0oAmBSNOKC9oeI5F7tTB3czELG08up8vWplJJWyoxt0itie1SBZt2nbf2iF22Ok6HrS4f2stOctxGssebEMn3xpWfwOIt3Awt6hYExAPoOmm1M1koZG34eVc/vNM6PZTR6FSrKcK4qbcBjKdCdvNZ/CtOlwMAQZB1BFbQmpLBhODi8nQUzaR/HSo5qZ22/jpWhB0p6hmp81AEqeo5qWagCVOKiDXG/jbaaO6r6mgCxUlWTVTC8Ss3Dlt3EZonKD4o6xvHnV617QoAgRqRSp29o+tRdqAK+KeBNBO0WKOSyoUtnuawOQEEDzOaPSTyrrxziCou/8eXU1h+JcauNcQ5nCLqgBAKkQQ45CSI8hXNr6lKlyNOnZ6Bxe73bZ+kx61h8DYN1Wgywa6YM6zjLjAE+e3rRni/FTcwouFSHXRx+8AddOvlPvqPBMOVa6un82XHkReYjb0mhtSpGsHtVhjAYW6bavZukKR7DjMAeYB3AnpFXxbvR4ss9QD+Z/KlwZcpuINs+cDoHAaPjNELmxrWMbXJnKWQUuALBmZiQusenQ6D5T51HB4ZWDAgcwNNN4b4sCPRRRG1/Nv6VVwYiB8fXn86Nquh7nVnIBipBJlTHu5T58vdQrFoR1o4w8TD3/ACFDcalOPApcmN7QcDw+LjvcyOoyrdSC2UTCuh0dRPkw6xpWJx3AMdg1d7NwPZAJc22kBeZey/iX1ggda9HxmlCuLOosXTqYtvoQInId9aNwqKXA7ZS0infKPwrQYDeheHXYeQ/Ci+AGtcM+T04LBsuEjShnaNfCaK8JHhoX2iOhrSX1MIfcAdlkh7x5BVnWPrGlj8SjtkDEGYkGY9JFdOyqT9JHPIPiCTQC7IdusmttN/FGGsvmwpxb+TcO4uJimQ/XDIbivpGsuNY0n0iKh2f7N2cKHtyLztml3WAAwjKqSYHUzJ67Abh8Tmtqw+soPxE1kGxUXuQ3GmnnVypGajZWw3YjHAuR3WRmzIveXdJABJiNTA67ClXpvDXzWkP7q/hSrP2IPsmisKeuOU9abKf4mugDs21RU1DL/GtOBQA968EUseQn16D415x2oxhKFRLPdaABqTJ2A8z+C1re1GOFu3HkXIG8Lt8/mBWZ7IWw5fH3xLBslhP3isyPdpPIBjyrn1My2m8MRsKYbhQw1mzZ0zhWe4R9tyJ15xlgeSioXBIMbDc9T9kfmfz27u7MTJ8Tau35Dpp8B7q54llVdTA/jQCsZvybQTWC43DlCC4oABE1b4Re0Kz1PwifdqKy/EOPMq92WCKogCVJPkcpMNJ2NFey0ujXCZ1KBfsxBaTzJ026VWmnuwidStuWaM3Ki9zauLtXA3hXUchd78U4vih5vCuNy8fq5feCfwIosYW78VzbH2xuw+IrNY3H3FU57YEah0ZonkNiR6ERrvVYNfW+ls4i4ucMcom5GUKfDAMxm10HKJpOQJGtu49QhK6tHhGurHRR6TFLDXEtKFOcn6zd27Fm3JJVTzmsDiMa44hasC4z94WVbhyxlRM+bLEMcxZeUFa0nGrV+1ZLjEOSCNAFT5ijcOgjxtxcti5bV+9snvLZ7u4JI9pJK6B1lemoPKr+E4zZcgqXbyVLjETtOUGPfWO7K8YuXcStlmchg0lmVtlLbFfKN+dFu2Fl1DC3cNsLbU+HwzmYrAyxyHWmn5JNC2Ot5jJYa/WR1/Fan3qMJDAg8wQfKvKuAYh3bEgmWsocjS8gge0SSZmT8K9KwmEBRSUVAB7Can+05AJPpHqaSlY6APafBTqCATpO+g1j8awV6yxuDyLGBzBjz3EfOvUuKWVgQBpsNP8AKsVicJ+1ylQrHZF8Wu+Ya6SPP6vnXL6mGU0LklcvC5aAEHwFXB0MjIuoBg6HQwDpR3s9bXuHuGc7AWyOREA6DrM1nlsvbcZkBUgAkCA0aHoC0bnXYedXLXFCHFm3BVSr5pBIXKd4MbsvvNZ6ctssmsMpo2HDH8dxuUqg/sCDRB768yB6mKzvD8HduoIuC2n7hl2PPX6v8ac6vJwCwuuUs32mdiT84rtg3twiZJXkt2r4hlBEEHpVfAXJLDmD8jz+Miqz8PE+GR7z+dIYVi3hczESI9Dr0jeZ5ayKJSad0OKTVWWrT5mduXsj8/wB99Usc0UVt2QqhRyrhdwwbSqSpESdsxHEMRLBVjWdTPl+tVl4dibgOVFYbHVY18mNafFdmcz50bWD4Tt10PurvwrDvbzKykGR/AI3rGblHJcKZjm4ZiQwjBXh7ElL9txAJzkZ3EEiIEaVZ4fgcT393vLeMWz4O5y/QmuDw+MXJJHtbRyrczUgahTvmK/Bpnw3+TM9mL2OBYYpr6r9TKmGJ30mFPKhXFU4lcDaX28RgBMKJXWDJA12+Nb4LT1W61VImqd2YrsZhMZZF1rttwzBQA5tyYLEwEMAajzqviuD4prhYWok7SI/Gt53q/aX4ikbq/aX4ijcwazbM/hDiVsJba0CyjKPHyG0jLoYjmaG4bAYg3HZ7MAowU5gQGIgHltNbA3k2LrP9Zf1pu+t/bX7w/WjcwpFfgGNcWFW4jq6yCInmY1WRtSrv3qfbX7w/WlT3snbEtU9KlXQZiFKnrnceNegn4UgMrx62t646sSBIVTtOURA66ltPOqvDuFpYXIhJJJIzEmNpIHIbT108qlgONWrlw2tc2sFgMrkbhdfU671bxhW0Cw08uRjaBy3O3XauOdp2zshxSKHEeILYXqeQ5k9TQCLuLcKSSx9lE0A9T06mo3le9cA3LMFXpJMDevQOC8It4ZIWC59t+vkOi0acNztj1JqKryB17KWEtoL4DhSAWBZcpLeHUETqcvLQ0TTEJYGSDkglD4dhqwgkEqJ9o6a786v3xmInYaxP1uR93Lz15ChWJyd4qNIYg5DrH7y9IM7eWmgEdTwcZeLk9IOogzI36fhND7twg6VO34FgT4ToDyXll6AdPhzAr3b8k6fP8PfNFgdA81OqqXK6fSPT40rAhxKwHtsDOni001XWqeJYnHJBjLbfbfxd3PpsAPM1axGLUqyhkkiPbBidJgUMxN1PpIuW2J8BD5hoiRbIYAakaakTGg3NKRUSx2iTu+JcOHhOd77A5YYDu4ImdZzD7orQ9ph/wCmPqKzfHsVbuYrAXLcuLbXA12GUJIQaqQM066Dai3aHHBsMwtnO0rACuJEwd/Ik+6hsAD2HMY+35hx/wBNv0rUdu9vVU+Tt+tCOw2BjEC49t1KqxV9SpYjLGUL0J58qMdtxaZCXZ1ZVGUBWg+L62nrVr6kPkxPY9M17FCfayg+hI/GK9YtIFVVAgAAAD0rzDgI7t3uW8hQIrvB8YK7FhrqY289q3+HxTuAUdH65R4VjcF82420BPlUwwUyxjcNnEVmcbwzupulwS2QEkSQ2fRgo0VQCBz2+OstZo8ZBP7oIEchqdfX5Cg3G74zKp9kakdYo1IpoSQC7R8VOispACAhyAAEkQT5Hr5iu3D+AKGS8tzM2Qw0gq+bcQIn2ROgEwYEUG7RcSN67mICqsBcygqqgqVLgA5wZ1XWNq0nD8egQLnXwqsgECJXSF+rM7VyylcrOqMKRZThsnNauNaciSF1U8ich0YA6aV0FjGjTvLTebKyn4LIoTZ4gr422q+Jkd0ZlJCqj282RgRDMShaRtlFbDNXTp1JGOpcWDbOCun+duA+SLA+J/MVft2lUQB+vxrpIqJNaKKRm5NkWFRy10mlTERUfn+FcsupqwKhl1NAHF0qjiUJBA0kEcuYjnp8aKkDrVe4g8qAM9bd8GpAZnTcT4u7MzqANUg7jaNqHL2qa7oQEaBldCuVZAzZ8zSTOgUSddetH+KLnABKwNY1MkbaA7b6c6w/FcM1mTbPiIBUosAknUZYPQHQ8hMaVjqSccrgAo+JVUaUDB1KjQFzIM+Ean/KZ3rEo3eMLV1mARpRRIgFiVHsmYJMAmIHuN9uMvl+yxUoHEKqAggwNYJBA28tKDYa1D+J1gKZIkgmORGpjQGJ/Gsp6iccMVj4VGNxgyiR4S2kgidSDBBgNy0ip4vKuiA59iYIJkRMEdQvOYMTXdFzgZWBMZjP1WgvGaNI6H/OuaJ3jQshxvuAIJBIbbYzGvKsNybtk2cMMSBPdlp3I1203B1pVdbhxAAW44P1hKjXl7Q1+JpUt8H5A9a/0tb/AHvgP1rlf4/YRSzuVgT7LEx1gT0oGguRqVb3QfiP0qlxe4EySD4pAj05zHWr/Uz/AIO32Ymt4Vxm3fVzbLHLE5hl32IG/I7xtVu+/gf+q34GsP2GxOa7eUSF7sGTuxD6kDp4vnW1V9a69OTlG2YTilKkeOPcKMSCQytoeYYHQj3itzirwuYXvmIEWw5G31Z/WhfHuDIbzslpnAYAqjQdVDQV5jWJBnTXrQXiV3F3Va33D5CuUhBIgyIzLKrtGu07VlqPdSr+zbTjtt2VOx3Gi2MtpchlLBgyiFVkPeaTqw8ET5V7W5ryjsx2Ya2hdbbNemBGoVSABGvXMJPQ16dxTGJYt95dlEkCSJ1MwIGvI1rCrdLBlqJ0rdslc+fKqWKQXFg7qZEicrDqOY/EHTrXDCcds3X7u2Wd8ueApHhBAJloG5FTxWKCMisrhnbInsGWgtEgmNAd6u0RQMfGBrhtgEXUkFH0zIdnkSCOhEk6iNwOWAx63ZdA2UaSw+tMEKdQwEbgmieKwMAO1rbMQSFY+IQ2xJMjfrVUOp1GxAiQV5nkYNS6GSF3yrsKpoJIq1OppiKvGbGe02VVLASC24H1oPp8ap2QGxN9WcqottlXdZyKxOXbZH05yecUSxjgW3kwMpHvIgfM0DxCXxiLi27eYuoIA1JHctbYiDsBdPvipkVEqcV8OJ4cEbMoxLs7DNGa61rTXWNSda3XaPXCv7vxrM8UUWzhyVKMWSFcFS7hbZOQH2iG6eVHOK4onDNnUoBElvCu4G5ik2CMx/JsP/Xf7t/yov8Aym/zlv8Aqfm1Df5P8K640NGmR5gqdCNyAZiY+NaD+UHhzv8AtFUkW7cmP6x/xVquCAB2YwBK3YOt63ziA2Zren3Qa9CwlspbVSQYEaSB7prD9mMdbZjbDAOltQwMiCXZtyNYkbda1y8QgAshCnZsyQfQTmJPSKmNDYQmhvFMHn1G4q7buZgDBE8mEH3jlUqpqxGNv8IcmcsgagDcH051BOBjw5bZkE/VOk77j8a2mUVMVg/Tq7TN1ruqaAPAeALZbvGAzwVRRrkUmTrzYzv0o/NRJpw1bRioqkZSk5O2TAGVj7qgKRfQioKaok6CnU+VQBqU0AO7Tyj0pqjNPNACNQauL5nJAJVF0ldGYxJg8gJHvmuDYATPeXPTMPxyyffQB1uUH7Q4d3tZEIBJ8RP2YOnxirtgurNbc5oGZHMSVOhDRpmB6ciKjjCMpkwBzO0ColFNNMDzi5w27bYiRlOWTBKgwORXXY7Tv6UPuIqvlKKUOhDTI6jQaaztW3x5GZSCxDBYhRA8Ik6iY/WspxVZP82wBkiFIJM6+H6xiNt5NcM9JrzjoVAjDYO5buCCz230Y5TGXLKlssn6xHLlvFNgWe4zlXKhYDKwgaaMCpmG1J12zeddF4n3b93MNqcpEEgEtIJ2BE79K68O4mt0s6KQA0FogExLHMNoA1J3LDmaiTmk249ZJZVuYe/ANpGYGZKlAPnvrO1Kj5uovizgBtR4gJj3if42pVh77/avwxGonWgnaZ9bfSW+YFFFfnQTtJJVD0P6VrR6R07KvkxAj6ysvyzf9tbW27SfWvN+EXSLqH94D46fnW9s3Y16a/Cuz07+NHPqrJStoLgu5gCHe4IOxGYjX3RVjhWKW7hzauEQwCOmVVEqY+qBGooWmPt2bSG7cVSVDQd9dSYGu5qphMQjXWZHDK4DqymQZ0PzRvjSTayXNJo0rr9HR2sOAwXQEZhCmQNff941zbFNjcOEvlSpIJCrBDL0PL/OuOISQddxVXgc5COjGrU3dGbiqsfBcJWxdL2ywOXKCTPhMEiD5gVquH8Nt3slx5Z7bFlMwAxUrMDQ6Md+tBGPiitNwO3FueprSKyQzJdvuJ3LHgtXGXedtsoPMetAbVxrj4dAW0thnEmCSWOo9MvwFN25ZruKW3PtMAP7TRS4GAbl24Ngcq+SjYfDSiXILgOqSDI/CmdS26z7qirxUxcNFWFg/iVs27bXAzgAHwySuunPb8N9NaCcXxjWrrqr3FKZAHR4aGVSZU6HXplrT3rxyN/VP4GsV2hf9vd8u7+SJ+tKSocTTYgF2sM+ZgrBrRcsWtlUtyQCYVi0nnyijmKtF7LB3Z1OWVaIPiEcqGY20F7oAkgQFli0DIh5+Zosi5rZHWPkRUsC52c4Qqv3qnKSuXw6GCQYPwFce3V9LVp815kLJCguwDNmEAjY6TvRXhTZVk8hWO7cXxddeiMNDz/ia0i6iS+SHZSyrQ0BiVBVm1J8RWcxHUET0itfw+3CKzBs5G7+0PKD7I8tKyvBGO8EQigGDHtudK7cd4+LDlbwv5CAVNnQEHqVhwd+Y2ojwDNgGPSkXrE4fjHC3Em6v+/uOT/1Wqzhu0XD82W3ctyNPCvh++BljzmqsVB7i+NdEC2iouXGCIW1CzJZyOYVVZo5xVO5gsOYL4tywEFvpAUk9SoIX4AUNwt4i4rNdW6v7QAlrfhz5CCFBjZCu0+LpV84zDgwQk+SE/MLFKxlj6V3TIVvB0JysGZGZZ2cFY0HPyBoquIU7Mp9CDQVntXFZVCyVMSuTWNNWAFVsDglyD6SuFzDc/suuklvL8qYjS5qbNWdbG4BFMCyXnTIbQI94IrPYrtZYQt3dvEyOYuOEBO2hLIJ5acqVhR6IHp1eazHE8XiFwyXO7RnABuW7jETpsWTwk9REUL4J2zTEHushtusqVQF1BGkAW1zfKnYG7LeYoXxJ3dkVbhVAxzhZVmEQIfcAHcDU9RzzHEeOhMwNwSIGV+9QmTyDAfjTcJxysxfNaIPJiojnIDsZ+NHIg+vD7YIfPcDxl8Fx8umk5C0T5kamTVtMSyrEs3m4k/ERQLioa7bIU2QAJJUIW018JQz8BWat4O5m0R29VeP+YCop+CrXk3lzEsWUmIU6wpkgiCJzacvhVPEcYKTmt5xJ9jeDsMp8tN6B2+F4txItqB/XRD/AH5FSuYa7b0uJbG2hvLMbAwHk0JSB0WMVx6w51LIRAhxGwjcSBSw7W3dIIZSR5g1T/0M19oVABqWdLjN05MCvzpYbBYWw4Xvy1wtAW3LHMTAErlSZPMGKS3XTA2uGsKQFygqNAsCABsIqrxTs/buZQLdpVBzMe7TOTEADw6aE6zz2qNjBBlOrywiXIZlnyGkir+C4ciDmzGJZonQyAAAABP+c1bjuVMTMff4Ibdx17nONCrEoJXUDcb6QfTzFPW5xGCDQxJBiOWw23nqfjTVwy9Hn/RYPPhega/Oh/E3Fy3CHMddvTSrJxIIqAuKBA57+c15r9XTaUeDr3IBW1a26ZgQQVOvka3GIuRbc9Ec/wDKaApgs5hWPXQ10fFsLN625kqhgnchtNepH513em9SnjsepBOmmZ7tVYuI3eZGdHVMpUFtkAykDbbnpUuyuEe0lsvoXNxsp+qGKZR8nPvozgeLgr3bGOQP5UCxOJe28kkgTpyOnyNdLm3FRJemrbPRbDBkUzyqtwlIZx0c1lcN2ssIAruUO4kHb1FXbHa7Cgk98okzvVqLMmzTYj+c9wrXcL0sr6E/jXmX+teELT36feFGb38oeBtWsi3g7ZYhAzb+grWJMgJxlwcbmP1AW96IWHzpdnV/ZE/aY/j/AJ0AwmOTGXrmW5k0BLMGByk7KDz0G8VrrGFFtFRT4VEDz8z60mB1FTFD72LVWyySRvGw+ddcK5bVtOenTlOYiDTQizcWVb0P4ViO11tsxe0M5eAQuvJRGnPwjStG/GkS27sdFzaxp4SY5+lYluNpdtoL1u+7rMugQKdZGUFdhoJ3okm+CoteTfYbEd5YwxuQrl4K85yjT7q0Uw3EbYZrZcAifalRoY0J0OuleRHFWNyMSsaz3aNqOZOdat/6zWwuQS6mZNwsjCd5RMy8982tQ1Lor49nsScTtk92t1ZyMxVfFIGniYAhRJ9ayXGu2/cv3aQpEZpWSs66id9RvtWcwHay1Ys5DbRy6tDd5cWEZoylApB1WdfKguHx2CYzctOWOqiyit1nOzxr6A+tUrqqJpeWbLC9omvlQ15wxdRoibE+Vsw22h86ucdu3MPcS2uIfxrIDpYYSC06d2NNBWSTjOEClDg8QwPVwn/t5aG47G2cyNYtXLIUHMjszyJAzIWbQidR5zyp06yLF4NxwS6bihyMOWM5h3ZtnOCdDlYq07+xVLE4FDeZ3tKHJghWDpGmpU2wFOnKq/Z/tHbQAtCk/VmIidSSI1n8ffz4txizdxDXBcUAhQMxgyBG50rHJZqF4DZUrNu2+bXRVI2H8T5USw3B8OSP2Nv7i/pQjhuNQqsOp01hlPLyNGcNixvIqvBIewfCrCkRZtj0Rf0orcwtsI0W0HhOyqOVBsNxFdPEPiKu4ni9sI03EGh3YDlVwFIydnTEsp9kq4g6j2CawPaI2gLttWbO9yzKycjAFpBHMgEfGtlaxyHEF+8QLBklhzUj86zWO4CMRikuI0KrqzkFSrZY21mYEUpNbkNJ0eicUsm7auW1MM6MqnTRiDlOum8V5bw3HLgsWb7rCkmdGBLgaqB7IM6wSD8K9LOKNZXtV2eXEhmQlWaC4GzFdmy/a13Gpq2rJToXEe2iuwxCWxB8IQmTJPiDty0AOgO4rQ9mOL4fEr+zVlYDVWEx/bGhrIdnOxthPHcuG5+7ACj3Gt1hHt21C21Cr0AiowUFfo6HdQfcDXS3hbY/+mn3RVJMVXdMZTAu2mGZv2ShFHJAWLAAnXYDWBvJB2ihuK4WlwvdysrRoH8A0GkBda7/AE3zrhxDFk23A1JUgDzNUmTRnONzctC2bhTKQCigojhuake1G/iNB+zPBR3wuMfDbfNJjxOWBUCOhy0Qt4K4xlyieY8TR5E6A+cVC5jsrpatqQiOpn7RzasZ15n4k1bkkqROTb4M0Qt0DweK0ogmKoQBOaVUfpdNTA8uvWwwAEr1jKNOm2lVbmDWf5wiN4MnXqdvlyoW73TsR72/KKjZS54sxXWCNZ11+FeUvTPmjsWqlhMIfQ0jS406SZnb9fWnOEYaC6SCNQwmR01P8RVS0lzm6/En8qtJpu/wH5zVL08+hvVj2V72EYJ9QPO0tBGvz22HWqiXypi5IHPYg9IJ/OiLskgwSRsWMx6DYesVBrqnQgH1ANdMNL41Lkxlq5wVsRw7DXPFGp/jlVb/AFXtnafiasrhbImLaiRByiJB9KiMDZ6MPR3/AFq9j7F7i6J4bsogPP71Ff8AVi2V1J/tPp8KEjBWeh97ufzrouCw/NFPrr+NPZ22Dn0kWnwGFsSRcQHoCJ+E114fxRxbadpi2PdrvsKroba+yqj0AobicbmcnkNB6f50KCTJlNtUF7WLGaWIjmTt5zRe9xix3J7u4hc6wtwSVmNpiNCKxb3Awg7HeuqG2ls5MwbbyI6GrWCGVOO49jbW0PrGT/VGo0n7X92o4Xhdl7aMc4YgEw3P3ihuJuFm1RtCeR29ka8wRHvqS424oyqGyjaUaYooAsnCbanMrMTGgfKyzyJAAqva4bfuhg7OWUgAFwF1MA+Y1j31xscRMjOr+eVTVpeJIDmC3B6K0aGRI5x50sjstYfgbPae5cZ0UnL/ADiqC6kKS8gkgsCf4FVuA2XYOj5u6cASSFfwsSpQ69D5amuuE4ucmQi4RmZoyEgyTv13mnbiYXa2/wB006Cy4nZ/D82uH/efoKHcYwVqxctd2Gh8yku2aDoAVnUbmprxsfYf7pqhxXEteKQjjJJBYEev4CmSWOEYRLuJdbkhAueAYknKN+QkkwKPvwHDHYOvo5/7prMYHHd3cLsjglY0EiC2YT/HWr93j2hyq88pUxScV0UpPsXGOGPadFtwweYDnxSCBpAH2hUcKMYraYdWK6EZl0OmhE6b0Ju8SxTxmLeEyCFhh/aidKsYXi+ITP7TZ/blT4jEST6CKnZHore+zVcP4rjspNvBWmgkEtGjKSCB4tYirGG4hi7lwrft2ragbW2hgfMZm0+FZ7h/Hbtu2UCuASTooMSZ0mubcSJJaLhYmSSqg6eY1im4xqqEpO7s0HF7YFuU0csoBJJiTG1DOyvGHFw2nclpaZIIkHYGdttOs+6lieLl4GR4zAnQcjMDWhoLZ1ZEZWGcsToGBMxpOvn1ihQiuEJzk+WeoLj6keIVk8BxJiAXUg7EGJI5NA29PWiLX1NOhCxmNBck3TaJGgVWDsRzljkb4H1rjY49iknMVIBgM4QFh9qFcR6RXO5aRjJJ98HnOkjSotZUmcxqHFlqSC+H7TXPsIfR4+UGrlvtL9pCPQg/jFZw2/3zXRC67XCPhS2yHcQ7c7WoJhSSInVee3OuOK7RXc62wgGYTmMlAJjxOCI18j1oVeu3SjKLkEiA2xHmN6VsARmMkcz4tfU6mqUX5E3HwaDCcR7xTO40JBBUn90jQ/8A8qTsh3oN9K8643+IFRIE+lVRBqLOKy7MffrVpOInqKwR4w3p7hNM3Eid2PzFWok2eg/6U6kD1NKvOfpc8x8aVVtCzgi04uHrSpVmUS7w9abvD1pUqAGZjURSpUASWnpUqAGNONqVKgBVEWABpPxpUqAG7gefxqHdD+CaVKgBd0P4Jp+4Xp8zSpUAL6OvT5modwvSlSoA6DDL0pzhl6UqVAEO4XpT9wvSnpUALuF6Uu5XpSpUALuV6U3dL0FPSoAcWl6Cm7pegpUqAH7pegpd0vQUqVAE1EHSp5zSpUARznrThz1pUqAFnNTVzSpUASzU00qVAiDOabOaVKgBzXNbSnkPdp+FKlTAj3A8/jSpUqoD/9k=",
